Код_товару,Назва_позиції,Назва_позиції_укр,Пошукові_запити,Пошукові_запити_укр,Опис,Опис_укр,Тип_товару,Ціна,Валюта,Одиниця_виміру,Мінімальний_обсяг_замовлення,Оптова_ціна,Мінімальне_замовлення_опт,Посилання_зображення,Наявність,Номер_групи,Назва_групи,Посилання_підрозділу,Можливість_поставки,Термін_поставки,Спосіб_пакування,Спосіб_пакування_укр,Унікальний_ідентифікатор,Ідентифікатор_товару,Ідентифікатор_підрозділу,Ідентифікатор_групи,Виробник,Країна_виробник,Знижка,ID_групи_різновидів,Особисті_нотатки,Продукт_на_сайті,Термін_дії_знижки_від,Термін_дії_знижки_до,Ціна_від,Ярлик,HTML_заголовок,HTML_заголовок_укр,HTML_опис,HTML_опис_укр,Код_маркування_(GTIN),Номер_пристрою_(MPN),"Вага,кг","Ширина,см","Висота,см","Довжина,см",Де_знаходиться_товар,Товар_в_ProSale,Чому_товар_не_в_ProSale,Назва_Характеристики,Одиниця_виміру_Характеристики,Значення_Характеристики,Назва_Характеристики,Одиниця_виміру_Характеристики,Значення_Характеристики,Назва_Характеристики,Одиниця_виміру_Характеристики,Значення_Характеристики,Назва_Характеристики,Одиниця_виміру_Характеристики,Значення_Характеристики,Назва_Характеристики,Одиниця_виміру_Характеристики,Значення_Характеристики,Назва_Характеристики,Одиниця_виміру_Характеристики,Значення_Характеристики,Назва_Характеристики,Одиниця_виміру_Характеристики,Значення_Характеристики,Назва_Характеристики,Одиниця_виміру_Характеристики,Значення_Характеристики,Назва_Характеристики,Одиниця_виміру_Характеристики,Значення_Характеристики,Назва_Характеристики,Одиниця_виміру_Характеристики,Значення_Характеристики,Назва_Характеристики,Одиниця_виміру_Характеристики,Значення_Характеристики,Назва_Характеристики,Одиниця_виміру_Характеристики,Значення_Характеристики,Назва_Характеристики,Одиниця_виміру_Характеристики,Значення_Характеристики,Назва_Характеристики,Одиниця_виміру_Характеристики,Значення_Характеристики,Назва_Характеристики,Одиниця_виміру_Характеристики,Значення_Характеристики,Назва_Характеристики,Одиниця_виміру_Характеристики,Значення_Характеристики,Назва_Характеристики,Одиниця_виміру_Характеристики,Значення_Характеристики
,"Европейское зарядное устройство SPARKS (СПАРКС), зарядка для Nissan Leaf, Ниссан Лиф, Volt, BMW i3, j1772","Європейський зарядний пристрій SPARKS (СПАРКС), заряджання для Nissan Leaf, Ніссан Ліф, Volt, BMW i3, j1772","j1772, Nissan Leaf, ford focus, KIA SOUL, Зарядные устройства, Зарядная Станция, Тип 1, Type 1","j1772, Nissan Leaf, ford focus, KIA SOUL, Зарядні пристрої, Зарядна Станція, Тип 1, Type 1","<p>!!! Это не Китай, это сборка и внутрянка Европа. Просто возьмите такую же китайскую копию, которой и вводят в заблуждение клиентов, и приезжайте к нам в гости, поймете что такое европейский кабель, европейская фурнитура, розетки, внутренний контроллер и т.д. + Официальная гарантия с сервисным центром в Украине.</p>
<p>Зарядное устройство второго поколения SPARKS на 16 Ампер (3.68 кВт) для всех основных типов электромобилей с разъемом Тип 1 / J1772:<br/>
* Nissan Leaf (24, 30, 40, 60&nbsp;кВт) / Ниссан Лиф<br/>
* Ford Focus Electric / Форд Фокус<br/>
* Ford Fusion Energi<br/>
* BMW i-series та гибриды&nbsp;USA<br/>
* Toyota Prius / Приус</p>
<p>* Toyota RAV4 EV / Тойота РАВ4<br/>
* Kia Soul EV / КИА СОУЛ<br/>
* Сhevrolet Volt / Шевроле Вольт<br/>
* Сhevrolet Bolt / Шевроле Болт</p>
<p>* Сhevrolet Spark / Шевроле Спарк<br/>
* Fiat 500e / Фиат<br/>
* Smart Electric / Смарт</p>
<p>* Mercedes B-electric / Мерседес Б-электрик<br/>
* Tesla 3, S, X, Y (через переходник, который есть в наличии, смотрите другие наши объявления) / Тесла<br/>
и другие.<br/>
<br/>
Сделано в Европе&nbsp;<a href=""https://www.sparkschargers.pl"" target=""_blank"">www.sparkschargers.pl</a> - заводская сборка, в разы качественнее местных разработок.&nbsp;Улучшена защита от воды, теперь электроника защищена по классу IP65 - можно использовать под дождем, ронять в лужу.<br/>
<br/>
Зарядка подходит как для европейских, так и для американских, японских и китайских авто с разъемом Тип 1 / Type 1.<br/>
<br/>
Зарядка без проблем работает в Европе - важно для тех, кто путешествует или сам везет авто из Европы.<br/>
<br/>
Ток переключается 8-12-16 Ампер кнопкой разблокировки разъема (никаких странных/лишних кнопок и выступов на корпусе нет, торчащих светодиодов и незаводских отверстий нет), наличие защит, ВЛАГОЗАЩИЩЕННЫЙ!!! класс защиты IP65, резиновый польский RR-F кабель 6&nbsp;метров, возможность отключения проверки заземления/фазировки, RGB светодиодная индикация, фурнитура&nbsp;SCAME (Испания).<br/>
<br/>
В связи с частым воровством зарядок, они не очень популярны у воров, тк &quot;пистолет&quot; зафиксирован в авто и нет дорогостоящего блока, который часто срезают.<br/>
<br/>
Зарядка тестирует автомобиль и сигнализирует на наличие таймеров заряда в авто, показывает возможные ошибки в авто (стрельнули подушки, заряжали плохой зарядкой).<br/>
<br/>
Другая длина кабеля под заказ, срок такого заводского исполнения и доставка до 10 рабочих дней.<br/>
<br/>
Фирменная упаковка, инструкция на польском и украинском языке. Гарантия 1 год. Сервисная и клиентская поддержка.&nbsp;Сервісний партнер <a href=""https://evservice.com.ua"" target=""_blank"">evservice.com.ua</a><br/>
<br/>
Подменный фонд. Возможна оптовая продажа.<br/>
<br/>
Продукт на рынке Украины более пяти лет.<br/>
<br/>
Работаем 7 дней в неделю.&nbsp;Приезжайте на бесплатный тест к нам в офис!</p>","<p>!!! Це не Китай, це збирання та нутрощі Європа. Просто візьміть таку ж китайську копію, якою і вводять в оману клієнтів, і приїжджайте до нас у гості, зрозумієте, що таке європейський кабель, європейська фурнітура, розетки, внутрішній контролер і т.д. + Офіційна гарантія із сервісним центром в Україні.</p>
<p>Зарядний пристрій другого покоління SPARKS на 16 Ампер (3.68 кВт) для всіх основних типів електромобілів з роз&#39;ємом Тип 1/J1772:<br/>
* Nissan Leaf (24, 30, 40, 60&nbsp;кВт) / Нісан Ліф<br/>
* Ford Focus Electric / Форд Фокус<br/>
* Ford Fusion Energi<br/>
* BMW i-series та гибриди USA<br/>
* Toyota Prius / Пріус</p>
<p>* Toyota RAV4 EV / Тойота РАВ4<br/>
* Kia Soul EV / КІА СОУЛ<br/>
* Сhevrolet Volt / Шевроле Вольт<br/>
* Сhevrolet Bolt / Шевроле Болт</p>
<p>* Сhevrolet Spark / Шевроле Спарк<br/>
* Fiat 500e / Фіат<br/>
* Smart Electric / Смарт</p>
<p>* Mercedes B-electric / Мерседес Б-електрик<br/>
* Tesla 3, S, X, Y (через перехідник, який є в наявності, дивіться інші наші оголошення) / Тесла<br/>
та інші.</p>
<p>Зроблено в Європі www.sparkschargers.pl - заводське складання, в рази якісніше місцевих розробок. Покращено захист від води, тепер електроніка захищена за класом IP65 - можна використовувати під дощем, кидати в калюжу.</p>
<p>Зарядка підходить як для європейських, так і для американських, японських та китайських авто з роз&#39;ємом Тип 1/Type 1.</p>
<p>Зарядка без проблем працює в Європі &ndash; важливо для тих, хто подорожує чи сам везе авто із Європи.</p>
<p>Струм перемикається 8-12-16 Ампер кнопкою розблокування роз&#39;єму (ніяких дивних/зайвих кнопок і виступів на корпусі немає, світлодіодів, що стирчать, і незаводських отворів немає), наявність захистів, ВОЛОГОЗАХИЩЕНИЙ!!! клас захисту IP65, гумовий польський RR-F кабель 6&nbsp;метрів, можливість відключення перевірки заземлення/фазування, RGB світлодіодна індикація, фурнітура SCAME (Іспанія).</p>
<p>У зв&#39;язку з частим крадіжкою зарядок, вони не дуже популярні у злодіїв, тк &quot;пістолет&quot; зафіксований в авто і немає дорогого блоку, який часто зрізують.</p>
<p>Зарядка тестує автомобіль та сигналізує на наявність таймерів заряду в авто, показує можливі помилки в авто (стрільнули подушки, заряджали поганою зарядкою).</p>
<p>Інша довжина кабелю на замовлення, термін такого заводського виконання та доставка до 10 робочих днів.</p>
<p>Фірмова упаковка, інструкція польською та українською мовами. Гарантія 1 рік. Сервісна та клієнтська підтримка.&nbsp;Сервісний партнер <a href=""https://evservice.com.ua"" target=""_blank"">evservice.com.ua</a></p>
<p>Підмінний фонд. Можливий оптовий продаж.</p>
<p>Продукт на ринку України понад п&#39;ять років.</p>
<p>Працюємо 7 днів на тиждень. Приїжджайте на безкоштовний тест до нас до офісу!</p>",r,265,USD,шт.,,,,"https://images.prom.ua/2262102085_evropejskoe-zaryadnoe-ustrojstvo.jpg, https://images.prom.ua/2262102084_evropejskoe-zaryadnoe-ustrojstvo.jpg, https://images.prom.ua/4849269677_evropejskoe-zaryadnoe-ustrojstvo.jpg",+,52604021,Корневая группа,https://prom.ua/Zaryadnye-ustrojstva-stantsii,,,,,897459043,,5505,Зарядна станція,SPARKS CHARGERS,Польща,,,,https://sparkschargers.com.ua/p897459043-evropejskoe-zaryadnoe-ustrojstvo.html,,,-,,,,,,,,,,,,,Так,,Стан,,Новий,Колір,,Чорний,Тип роз'ємів,,Type 1,Сила струму,А,16,Потужність,кВт,"3,7",Кількість фаз,,1,Сумісність з моделлю,,Leaf|i3,Сумісність з маркою,,Nissan|BMW,Вхідна напруга,В,230,Довжина кабелю,см,600,Гарантійний термін,міс,12,Індикатор роботи,,Так,Вбудований запобіжник,,Так,Ступінь захисту IP,,54,Мінімальна температура експлуатації,град. C,-32,Максимальна температура експлуатації,град. C,45,Сумісність,,TESLA Model X 2015|Nissan Leaf 2010-|Chevrolet Volt 2011-|TESLA Model S 2012|BMW i3 2013-
,"Европейское зарядное устройство SPARKS для европейских электромобилей Tesla, BMW i3, Jaguar iPace, Leaf","Європейський зарядний пристрій SPARKS для європейських електромобілів Tesla, BMW i3, Jaguar iPace, Leaf","bmw, jaguar, Зарядная Станция, Зарядные устройства, Тесла, Тип 2, Type 2","bmw, jaguar, Зарядна Станція, Зарядні пристрої, Тесла, Тип 2, Type 2","<p>!!! Это не Китай, это сборка и внутрянка Европа. Просто возьмите такую же китайскую копию, которой и вводят в заблуждение клиентов, и приезжайте к нам в гости, поймете что такое европейский кабель, европейская фурнитура, розетки, внутренний контроллер и т.д. + Официальная гарантия с сервисным центром в Украине.</p>
<p>Зарядное устройство второго поколения SPARKS на 16 Ампер (3.68 кВт) для всех основных типов европейских электромобилей с разъемом Тип 2:<br/>
* Nissan Leaf / Ниссан Лиф<br/>
* BMW i3</p>
<p>* Fiat 500e / Фиат<br/>
* Smart Electric / Смарт</p>
<p>* Tesla 3, S, X / Тесла</p>
<p>* Jaguar iPace</p>
<p>* Audi e-tron</p>
<p>* Porsche Panamera / Taycan<br/>
и другие.<br/>
<br/>
Сделано в Европе&nbsp;<a href=""https://www.sparkschargers.pl"" target=""_blank"">www.sparkschargers.pl</a> - заводская сборка в разы качественнее местных гаражных разработок.&nbsp;Улучшена защита от воды, теперь электроника защищена по классу IP65 - можно использовать под дождем, ронять в лужу.<br/>
<br/>
Зарядка подходит как для европейских, японских и китайских авто с разъемом Тип 2 / Type 2.<br/>
<br/>
Зарядка без проблем работает в Европе - важно для тех, кто путешествует или сам везет авто из Европы.<br/>
<br/>
Ток переключается 8-12-16 Ампер сенсорной кнопкой (никаких странных/лишних кнопок и выступов на корпусе нет, торчащих светодиодов и незаводских отверстий нет), наличие защит, ВЛАГОЗАЩИЩЕННЫЙ!!! класс защиты IP65, резиновый польский RR-F кабель 6&nbsp;метров, возможность отключения проверки заземления/фазировки, RGB светодиодная индикация, фурнитура&nbsp;SCAME (Испания).<br/>
<br/>
Заряжает быстрее чем типовая фирменная зарядка, у которой только 10-12 Ампер максимум, а у SPARKS 16 Aмпер.<br/>
<br/>
В связи с частым воровством зарядок, они не очень популярны у воров, так как &quot;пистолет&quot; зафиксирован в авто и нет дорогостоящего блока, который часто срезают.<br/>
<br/>
Зарядка тестирует автомобиль и сигнализирует на наличие таймеров заряда в авто, показывает возможные ошибки в авто (стрельнули подушки, заряжали плохой зарядкой).<br/>
<br/>
Другая длина кабеля под заказ, срок такого заводского исполнения и доставка до 10 рабочих дней.<br/>
<br/>
Фирменная упаковка, инструкция на польском и украинском языке. Гарантия 1 год. Сервисная и клиентская поддержка.&nbsp;Сервісний партнер <a href=""https://evservice.com.ua"" target=""_blank"">evservice.com.ua</a><br/>
<br/>
Подменный фонд. Возможна оптовая продажа.<br/>
<br/>
Продукт на рынке Украины более пяти лет.<br/>
<br/>
Работаем 7 дней в неделю.&nbsp;Приезжайте на бесплатный тест к нам в офис!</p>","<p>!!! Це не Китай, це збирання та нутрощі Європа. Просто візьміть таку ж китайську копію, якою і вводять в оману клієнтів, і приїжджайте до нас у гості, зрозумієте, що таке європейський кабель, європейська фурнітура, розетки, внутрішній контролер і т.д. + Офіційна гарантія із сервісним центром в Україні.</p>
<p>Зарядний пристрій другого покоління SPARKS на 16 Ампер (3.68 кВт) для всіх основних типів європейських електромобілів із роз&#39;ємом Тип 2:<br/>
* Nissan Leaf / Ніссан Ліф<br/>
* BMW i3</p>
<p>* Fiat 500e/Фіат<br/>
* Smart Electric/Смарт</p>
<p>* Tesla 3, S, X / Тесла</p>
<p>* Jaguar iPace</p>
<p>* Audi e-tron</p>
<p>* Porsche Panamera / Taycan<br/>
та інші.<br/>
<br/>
Зроблено в Європі&nbsp;<a href=""https://www.sparkschargers.pl"" target=""_blank"">www.sparkschargers.pl</a> &mdash; заводське збирання, в рази якісніше за місцеві гаражні розробки.&nbsp;Поліпшений захист від потрапляння води, тепер електроніка захищена за класом IP65 &mdash; можна використовувати під дощем, рояти в калюжу.<br/>
<br/>
Зарядка підходить як для європейських, японських і китайських авто з роз&#39;ємом Тип 2/Type 2.<br/>
<br/>
Заряджання без проблем працює в Європі &mdash; важливо для тих, хто подорожує або сам везе авто з Європи.<br/>
<br/>
Струм перемикається 8-12-16 Ампер сенсорною кнопкою (никих дивних/зайвих кнопок і виступів на корпусі немає, світлодіодів, що стирчать, і незаводських отворів немає), наявність захистів, ВЛАГОЗИСТНИЙ!!! клас захисту IP65, гумовий польський RR-F кабель 6&nbsp;метрів, можливість вимкнення перевірки заземлення/фазування, RGB світлодіодна індикація, фурнітура&nbsp;SCAME (Іспанія).<br/>
<br/>
Заряджає швидше, ніж типова фірмова зарядка, у якої лише 10-12 Ампер максимум, а в SPARKS 16 Aмпер.<br/>
<br/>
У зв&#39;язку з частою крадіжкою зарядок, вони не дуже популярні серед злодіїв, оскільки &quot;ручка&quot; зафіксована в авто та немає дорогого блока, який часто зрізають.<br/>
<br/>
Заряджання тестує автомобіль і сигналізує на наявність таймерів заряду в авто, показує можливі помилки в авто (стріляли подушки, заряджали поганою зарядкою).<br/>
<br/>
Інша довжина кабелю під замовлення, термін такого заводського виконання і доставка до 10 робочих днів.<br/>
<br/>
Фірмове пакування, інструкція польською та українською мовою. Гарантія 1 рік. Сервісна та клієнтська підтримка.&nbsp;Сервісний партнер <a href=""https://evservice.com.ua"" target=""_blank"">evservice.com.ua</a><br/>
<br/>
Підмінний фонд. Можливий оптовий продаж.<br/>
<br/>
Продукт на ринку України більше п&#39;яти років.<br/>
<br/>
Працюємо 7 днів на тиждень.&nbsp;Приїжджайте на безплатний тест до нас в офіс!</p>",r,265,USD,шт.,,,,"https://images.prom.ua/3295544466_evropejskoe-zaryadnoe-ustrojstvo.jpg, https://images.prom.ua/3295544467_evropejskoe-zaryadnoe-ustrojstvo.jpg, https://images.prom.ua/3295544465_evropejskoe-zaryadnoe-ustrojstvo.jpg, https://images.prom.ua/4849269677_evropejskoe-zaryadnoe-ustrojstvo.jpg",+,52604021,Корневая группа,https://prom.ua/Zaryadnye-ustrojstva-stantsii,,,,,1467519874,,5505,Зарядна станція,SPARKS CHARGERS,Польща,,,,https://sparkschargers.com.ua/p1467519874-evropejskoe-zaryadnoe-ustrojstvo.html,,,-,,,,,,,,,,,,,Так,,Стан,,Новий,Колір,,Чорний,Тип роз'ємів,,Type 2,Сила струму,А,16,Потужність,кВт,"3,7",Кількість фаз,,1,Сумісність з моделлю,,i3,Сумісність з маркою,,Jaguar|TESLA|BMW,Вхідна напруга,В,230,Довжина кабелю,см,600,Гарантійний термін,міс,12,Індикатор роботи,,Так,Вбудований запобіжник,,Так,Ступінь захисту IP,,65,Мінімальна температура експлуатації,град. C,-32,Максимальна температура експлуатації,град. C,45,,,
,"Европейская фирменная зарядная станция для электромобиля 22кВт Type 2 для евро авто Tesla, BMW, Jaguar, Audi","Європейська фірмова зарядна станція для електромобіля 22кВт Type 2 для євро авто Tesla, BMW, Jaguar, Audi","Електромобіль, Зарядна станція для електромобіля, Tesla, Тесла, Type 2, Тип 2","Електромобіль, Зарядна станція для електромобіля, Tesla, Тесла, Type 2, Тип 2","<p>!!! Це не Китай, це збирання та нутрощі Європа. Просто візьміть таку ж китайську копію, якою і вводять в оману клієнтів, і приїжджайте до нас у гості, зрозумієте, що таке європейський кабель, європейська фурнітура, розетки, внутрішній контролер і т.д. + Офіційна гарантія із сервісним центром в Україні.</p>
<p>SPARKS CHARGERS 22kW - це фірмове Європейське трифазне зарядне (зарядка, зарядна станція) до 22 кВт для європейських електромобілів з роз&#39;ємом Тип 2 (Type 2) - Tesla, Audi, BMW, Porsche Taycan, Volkswagen та інших від www.sparkschargers.pl</p>
<p>Зарядний пристрій на 3*32 Ампери (22 кВт) або 1*32 Ампери (7 кВт) в залежності від однофазного/трифазного підключення. Заводське складання та упаковка.</p>
<p>Це зарядний пристрій можна використовувати як для стаціонарного кріплення (в комплекті) так і як набір мандрівника:</p>
<p>* Зарядний пристрій</p>
<p>* Перехідник на домашню вилку на 16 Ампер - 1 фаза 3 кВт</p>
<p>* Кронштейн для зарядки для кріплення на стіну</p>
<p>* Гачок</p>
<p>Зарядка без проблем працює в Європі - важливо для тих, хто мандрує чи сам везе авто з Європи.</p>
<p>Наявність захистів у т.ч. від перенапруги та ПЗВ, ВОЛОГОЗАХИЩЕНИЙ!!! клас захисту IP65, гумовий європейський кабель 6 метрів, заряджає без заземлення, RGB світлодіодна індикація, повноцінний екран для розуміння статусу заряду, управління кнопкою на корпусі, управління додатком зі смартфону,&nbsp;фурнітура SCAME (Іспанія). Зарядне можна заблокувати для захисту від викрадення, несанкціонованого заряджання.</p>
<p>Гарантія 1 рік. Сервісна та клієнтська підтримка.&nbsp;Сервісний партнер <a href=""https://evservice.com.ua"" target=""_blank"">evservice.com.ua</a></p>
<p>Підмінний фонд. Можливий оптовий продаж.</p>
<p>Займаємося підбором/консультацією та продажем зарядних станцій для електромобілів багато років. Працюємо 7 днів на тиждень. Щодня і давно використовуємо електромобілі, у тому числі як представництво виробника, процес заряду розуміємо не теоретично.</p>
<p>Приїжджайте на безкоштовний тест до нас до офісу!</p>","<p>!!! Це не Китай, це збирання та нутрощі Європа. Просто візьміть таку ж китайську копію, якою і вводять в оману клієнтів, і приїжджайте до нас у гості, зрозумієте, що таке європейський кабель, європейська фурнітура, розетки, внутрішній контролер і т.д. + Офіційна гарантія із сервісним центром в Україні.</p>
<p>SPARKS CHARGERS 22kW - це фірмове польске трифазне зарядне (зарядка, зарядна станція) до 22 кВт для європейських електромобілів з розємом Тип 2 (Type 2) - Tesla, Audi, BMW, Porsche Taycan, Volkswagen та інших від www.sparkschargers.pl</p>
<p>Зарядний пристрій на 3*32 Ампери (22 кВт) або 1*32 Ампери (7 кВт) в залежності від однофазного/трифазного підключення. Заводське складання та упаковка.</p>
<p>Це зарядний пристрій можна використовувати як для стаціонарного кріплення (в комплекті) так і як набір мандрівника:</p>
<p>* Зарядний пристрій</p>
<p>* Перехідник на домашню вилку на 16 Ампер - 1 фаза 3 кВт</p>
<p>* Кронштейн для зарядки для кріплення на стіну</p>
<p>* Гачок</p>
<p>Зарядка без проблем працює в Європі - важливо для тих, хто мандрує чи сам везе авто з Європи.</p>
<p>Наявність захистів у т.ч. від перенапруги та ПЗВ, ВОЛОГОЗАХИЩЕНИЙ!!! клас захисту IP65, гумовий європейський кабель 6 метрів, заряджає без заземлення, RGB світлодіодна індикація, повноцінний екран для розуміння статусу заряду, управління кнопкою на корпусі, управління додатком зі смартфону,&nbsp;фурнітура SCAME (Іспанія). Зарядне можна заблокувати для захисту від викрадення, несанкціонованного заряджання.</p>
<p>Гарантія 1 рік. Сервісна та клієнтська підтримка.&nbsp;Сервісний партнер <a href=""https://evservice.com.ua"" target=""_blank"">evservice.com.ua</a></p>
<p>Підмінний фонд. Можливий оптовий продаж.</p>
<p>Займаємося підбором/консультацією та продажем зарядних станцій для електромобілів багато років. Працюємо 7 днів на тиждень. Щодня і давно використовуємо електромобілі, у тому числі як представництво виробника, процес заряду розуміємо не теоретично.</p>
<p>Приїжджайте на безкоштовний тест до нас до офісу!</p>",r,550,USD,шт.,,,,"https://images.prom.ua/4708580607_evropejskaya-firmennaya-zaryadnaya.jpg, https://images.prom.ua/4708581091_evropejskaya-firmennaya-zaryadnaya.jpg, https://images.prom.ua/4708583550_evropejskaya-firmennaya-zaryadnaya.jpg, https://images.prom.ua/4708581541_evropejskaya-firmennaya-zaryadnaya.jpg, https://images.prom.ua/4708582067_evropejskaya-firmennaya-zaryadnaya.jpg, https://images.prom.ua/4708584056_evropejskaya-firmennaya-zaryadnaya.jpg, https://images.prom.ua/4708584341_evropejskaya-firmennaya-zaryadnaya.jpg, https://images.prom.ua/4708584993_evropejskaya-firmennaya-zaryadnaya.jpg, https://images.prom.ua/4708586308_evropejskaya-firmennaya-zaryadnaya.jpg",+,52604021,Корневая группа,https://prom.ua/Zaryadnye-ustrojstva-stantsii,,,,,1899560129,,5505,Зарядна станція,SPARKS CHARGERS,Польща,,,,https://sparkschargers.com.ua/p1899560129-evropejskaya-firmennaya-zaryadnaya.html,,,-,,,,,,,,,,,,,Так,,Стан,,Новий,Колір,,Чорний,Тип роз'ємів,,Type 2,Сила струму,А,32,Потужність,кВт,22,Кількість фаз,,3,Сумісність з моделлю,,Tacoma|Taycan|Ampera,Сумісність з маркою,,TESLA|BMW|Audi|Jaguar,Вхідна напруга,В,400,Довжина кабелю,см,600,Гарантійний термін,міс,12,Індикатор роботи,,Так,Вбудований запобіжник,,Так,,,,,,,,,,,,
,"Европейская фирменная зарядная станция для электромобиля 7кВт Type 1 или 2 для Tesla, BMW, Jaguar, Audi, Leaf","Європейська фірмова зарядна станція для електромобіля 7кВт Type 1 або 2 для Tesla, BMW, Jaguar, Audi, Leaf","Зарядна станція, Зарядна станція для електромобілю, Tesla, Nissan Leaf, Leaf, Type 1, Тип 1","Зарядна станція, Зарядна станція для електромобілю, Tesla, Nissan Leaf, Leaf, Type 1, Тип 1","<p>!!! Це не Китай, це збирання та нутрощі Європа. Просто візьміть таку ж китайську копію, якою і вводять в оману клієнтів, і приїжджайте до нас у гості, зрозумієте, що таке європейський кабель, європейська фурнітура, розетки, внутрішній контролер і т.д. + Офіційна гарантія із сервісним центром в Україні.</p>
<p>SPARKS CHARGERS 7kW - це фірмове Європейське однофазне зарядне (зарядка, зарядна станція) до 7 кВт для європейських, американських електромобілів з розємом Тип 1 (Type 1) або Тип 2 (Type 2) - Tesla, Audi, BMW, Porsche Taycan, Volkswagen та інших від www.sparkschargers.pl</p>
<p>Це зарядний пристрій можна використовувати як для стаціонарного кріплення (в комплекті) так і як набір мандрівника:</p>
<p>* Зарядний пристрій</p>
<p>* Перехідник на домашню вилку на 16 Ампер - 1 фаза 3 кВт</p>
<p>* Кронштейн для зарядки для кріплення на стіну</p>
<p>* Гачок</p>
<p>Зарядка без проблем працює в Європі - важливо для тих, хто мандрує чи сам везе авто з Європи.</p>
<p>Наявність захистів у т.ч. від перенапруги та ПЗВ, ВОЛОГОЗАХИЩЕНИЙ!!! клас захисту IP65, гумовий європейський кабель 6 метрів, заряджає без заземлення, RGB світлодіодна індикація, повноцінний екран для розуміння статусу заряду, управління кнопкою на корпусі, управління додатком зі смартфону,&nbsp;фурнітура SCAME (Іспанія). Зарядне можна заблокувати для захисту від викрадення, несанкціонованного заряджання.&nbsp;&nbsp;Заводське складання та упаковка.</p>
<p>Гарантія 1 рік. Сервісна та клієнтська підтримка.&nbsp;Сервісний партнер <a href=""https://evservice.com.ua"" target=""_blank"">evservice.com.ua</a></p>
<p>Вартість не залежить від типу роз&#39;єму, уточнюйте в замовленні!!!</p>
<p>Підмінний фонд. Можливий оптовий продаж.</p>
<p>Займаємося підбором/консультацією та продажем зарядних станцій для електромобілів багато років. Працюємо 7 днів на тиждень. Щодня і давно використовуємо електромобілі, у тому числі як представництво виробника, процес заряду розуміємо не теоретично.</p>
<p>Приїжджайте на безкоштовний тест до нас до офісу!</p>","<p>!!! Це не Китай, це збирання та нутрощі Європа. Просто візьміть таку ж китайську копію, якою і вводять в оману клієнтів, і приїжджайте до нас у гості, зрозумієте, що таке європейський кабель, європейська фурнітура, розетки, внутрішній контролер і т.д. + Офіційна гарантія із сервісним центром в Україні.</p>
<p>SPARKS CHARGERS 7kW - це фірмове Європейське однофазне зарядне (зарядка, зарядна станція) до 7 кВт для європейських, американських електромобілів з розємом Тип 1 (Type 1) або Тип 2 (Type 2) - Tesla, Audi, BMW, Porsche Taycan, Volkswagen та інших від www.sparkschargers.pl</p>
<p>Це зарядний пристрій можна використовувати як для стаціонарного кріплення (в комплекті) так і як набір мандрівника:</p>
<p>* Зарядний пристрій</p>
<p>* Перехідник на домашню вилку на 16 Ампер - 1 фаза 3 кВт</p>
<p>* Кронштейн для зарядки для кріплення на стіну</p>
<p>* Гачок</p>
<p>Зарядка без проблем працює в Європі - важливо для тих, хто мандрує чи сам везе авто з Європи.</p>
<p>Наявність захистів у т.ч. від перенапруги та ПЗВ, ВОЛОГОЗАХИЩЕНИЙ!!! клас захисту IP65, гумовий європейський кабель 6 метрів, заряджає без заземлення, RGB світлодіодна індикація, повноцінний екран для розуміння статусу заряду, управління кнопкою на корпусі, управління додатком зі смартфону,&nbsp;фурнітура SCAME (Іспанія). Зарядне можна заблокувати для захисту від викрадення, несанкціонованного заряджання.&nbsp;&nbsp;Заводське складання та упаковка.</p>
<p>Гарантія 1 рік. Сервісна та клієнтська підтримка.&nbsp;Сервісний партнер <a href=""https://evservice.com.ua"" target=""_blank"">evservice.com.ua</a></p>
<p>Вартість не залежить від типу роз&#39;єму, уточнюйте в замовленні!!!</p>
<p>Підмінний фонд. Можливий оптовий продаж.</p>
<p>Займаємося підбором/консультацією та продажем зарядних станцій для електромобілів багато років. Працюємо 7 днів на тиждень. Щодня і давно використовуємо електромобілі, у тому числі як представництво виробника, процес заряду розуміємо не теоретично.</p>
<p>Приїжджайте на безкоштовний тест до нас до офісу!</p>",r,360,USD,шт.,,,,"https://images.prom.ua/4708677412_evropejskaya-firmennaya-zaryadnaya.jpg, https://images.prom.ua/4708581091_evropejskaya-firmennaya-zaryadnaya.jpg, https://images.prom.ua/4708678134_evropejskaya-firmennaya-zaryadnaya.jpg, https://images.prom.ua/4708679025_evropejskaya-firmennaya-zaryadnaya.jpg, https://images.prom.ua/4708679672_evropejskaya-firmennaya-zaryadnaya.jpg, https://images.prom.ua/4708682210_evropejskaya-firmennaya-zaryadnaya.jpg, https://images.prom.ua/4708584341_evropejskaya-firmennaya-zaryadnaya.jpg, https://images.prom.ua/4708690321_evropejskaya-firmennaya-zaryadnaya.jpg, https://images.prom.ua/4708684349_evropejskaya-firmennaya-zaryadnaya.jpg",+,52604021,Корневая группа,https://prom.ua/Zaryadnye-ustrojstva-stantsii,,,,,1899594421,,5505,Зарядна станція,SPARKS CHARGERS,Польща,,,,https://sparkschargers.com.ua/p1899594421-evropejskaya-firmennaya-zaryadnaya.html,,,-,,,,,,,,,,,,,Так,,Стан,,Новий,Колір,,Чорний,Тип роз'ємів,,Type 1,Сила струму,А,32,Потужність,кВт,7,Кількість фаз,,1,Сумісність з моделлю,,Tacoma|Ampera|Taycan,Сумісність з маркою,,TESLA|BMW|Audi|Jaguar,Вхідна напруга,В,230,Довжина кабелю,см,600,Гарантійний термін,міс,12,Індикатор роботи,,Так,Вбудований запобіжник,,Так,,,,,,,,,,,,
,"Зарядное устройство SPARKS (Made in EU), зарядка для электромобилей Tesla USA (+ адаптер) 3.7 кВт 16А","Зарядний пристрій SPARKS (Made in EU), зарядка для електромобілів Tesla USA (набір зарядний + адаптер) 3.7 кВт 16А","Зарядная Станция Зарядные устройства, Тесла, Tesla, електромобиль, Электромобиль, зарядка","Зарядна Станція Зарядні пристрої, Тесла, Tesla, електромобіль, Електромобіль, заряджання","<p>!!! Это не Китай, это сборка и внутрянка Европа. Просто возьмите такую же китайскую копию, которой и вводят в заблуждение клиентов, и приезжайте к нам в гости, поймете что такое европейский кабель, европейская фурнитура, розетки, внутренний контроллер и т.д. + Официальная гарантия с сервисным центром в Украине.</p>
<p>Зарядное устройство второго поколения SPARKS на 16 Ампер (3.7 кВт) для&nbsp;Tesla S, 3, X,Y с американским разьемом.</p>
<p>Сделано в Европе (www.sparkschargers.pl) - заводская сборка и в разы качественнее местных разработок.&nbsp;Улучшена защита от воды, теперь электроника защищена по классу IP65 - можно использовать под дождем, ронять в лужу.</p>
<p>Зарядка без проблем работает в Европе - важно для тех, кто путешествует или сам везет авто из Европы.</p>
<p>Может заряжать без заземления (временно отключается).</p>
<p>Ток переключается 8-12-16 Ампер сенсорной кнопкой (никаких странных/лишних кнопок и выступов на корпусе нет, торчащих светодиодов и незаводских отверстий нет), наличие защит, ВЛАГОЗАЩИЩЕННЫЙ!!! класс защиты IP65, резиновый польский RR-F кабель 6&nbsp;метров, возможность отключения проверки заземления/фазировки, RGB светодиодная индикация, фурнитура&nbsp;SCAME (Испания).</p>
<p>Составляющие набора:</p>
<p>- Зарядное устройство на 3.7 кВт (16 Ампер) Тип 1</p>
<p>- Адаптер J1772 - Tесла</p>
<p>- Сумка&nbsp;</p>
<p>Адаптер J1772 - Тесла сможете также использовать отдельно на публичных зарядках, что очень удобно.&nbsp;</p>
<p>Другая длина кабеля под заказ, срок такого заводского исполнения и доставка до 10 рабочих дней.</p>
<p>Фирменная упаковка, инструкция на польском и украинском языке. Гарантия 1 год. Сервисная и клиентская поддержка.&nbsp;Сервісний партнер <a href=""https://evservice.com.ua"" target=""_blank"">evservice.com.ua</a></p>
<p>Подменный фонд. Возможна оптовая продажа.</p>
<p>Продукт на рынке Украины более пяти лет.</p>
<p>Работаем 7 дней в неделю.&nbsp;Приезжайте на бесплатный тест к нам в офис!</p>","<p>!!! Це не Китай, це збирання та нутрощі Європа. Просто візьміть таку ж китайську копію, якою і вводять в оману клієнтів, і приїжджайте до нас у гості, зрозумієте, що таке європейський кабель, європейська фурнітура, розетки, внутрішній контролер і т.д. + Офіційна гарантія із сервісним центром в Україні.</p>
<p>Зарядний пристрій другого покоління SPARKS на 16 Ампер (3.68 кВт) для Tesla S, 3, X, Y з американським роз&#39;ємом.</p>
<p>Зроблено в Європі (www.sparkschargers.pl) - заводське складання та в рази якісніше місцевих розробок. Покращено захист від води, тепер електроніка захищена за класом IP65 - можна використовувати під дощем, кидати в калюжу.</p>
<p>Зарядка без проблем працює в Європі &ndash; важливо для тих, хто подорожує чи сам везе авто із Європи.</p>
<p>Може заряджати без заземлення (тимчасово вимикається).</p>
<p>Струм перемикається 8-12-16 Ампер сенсорною кнопкою (ніяких дивних/зайвих кнопок і виступів на корпусі немає, світлодіодів, що стирчать, і незаводських отворів немає), наявність захистів, ВОЛОГОЗАХИЩЕНИЙ!!! клас захисту IP65, гумовий польський RR-F кабель 6&nbsp;метрів, можливість відключення перевірки заземлення/фазування, RGB світлодіодна індикація, фурнітура SCAME (Іспанія).</p>
<p>Складові набору:</p>
<p>- Зарядний пристрій на 3.3 кВт (16 Ампер) Тип 1</p>
<p>- Адаптер J1772 - Тесла</p>
<p>- Сумка</p>
<p>Адаптер J1772 - Тесла також можете використовувати окремо на публічних зарядках, що дуже зручно.</p>
<p>Інша довжина кабелю на замовлення, термін такого заводського виконання та доставка до 10 робочих днів.</p>
<p>Фірмова упаковка, інструкція польською та українською мовами. Гарантія 1 рік. Сервісна та клієнтська підтримка.&nbsp;Сервісний партнер <a href=""https://evservice.com.ua"" target=""_blank"">evservice.com.ua</a></p>
<p>Підмінний фонд. Можливий оптовий продаж.</p>
<p>Продукт на ринку України понад п&#39;ять років.</p>
<p>Працюємо 7 днів на тиждень. Приїжджайте на безкоштовний тест до нас до офісу!</p>",r,320,USD,шт.,,,,"https://images.prom.ua/4849269700_zaryadnoe-ustrojstvo-sparks.jpg, https://images.prom.ua/4849269673_zaryadnoe-ustrojstvo-sparks.jpg, https://images.prom.ua/4849269715_zaryadnoe-ustrojstvo-sparks.jpg, https://images.prom.ua/4849269660_zaryadnoe-ustrojstvo-sparks.jpg, https://images.prom.ua/4849269718_zaryadnoe-ustrojstvo-sparks.jpg, https://images.prom.ua/4849269717_zaryadnoe-ustrojstvo-sparks.jpg, https://images.prom.ua/4849269720_zaryadnoe-ustrojstvo-sparks.jpg, https://images.prom.ua/4849269686_zaryadnoe-ustrojstvo-sparks.jpg, https://images.prom.ua/4849269710_zaryadnoe-ustrojstvo-sparks.jpg, https://images.prom.ua/4849269677_zaryadnoe-ustrojstvo-sparks.jpg",+,52604021,Корневая группа,https://prom.ua/Zaryadnye-ustrojstva-stantsii,,,,,1942620138,,5505,Зарядна станція,SPARKS CHARGERS,Польща,,,,https://sparkschargers.com.ua/p1942620138-zaryadnoe-ustrojstvo-sparks.html,,,-,,,,,,,,,,,,,Так,,Стан,,Новий,Колір,,Чорний,Тип роз'ємів,,Tesla USA,Сила струму,А,16,Потужність,кВт,"3,7",Кількість фаз,,1,Сумісність з моделлю,,Ampera,Сумісність з маркою,,TESLA,Вхідна напруга,В,230,Довжина кабелю,см,600,Гарантійний термін,міс,12,Індикатор роботи,,Так,Вбудований запобіжник,,Так,Ступінь захисту IP,,65,Мінімальна температура експлуатації,град. C,-32,Максимальна температура експлуатації,град. C,45,Сумісність,,TESLA Model S 2012|TESLA Model X 2015|Tesla Model 3 2016-
,"Зарядное устройство SPARKS (Made in EU), зарядка для электромобилей Tesla USA (+ адаптер) 7.7 кВт 32А","Зарядний пристрій SPARKS (Made in EU), зарядка для електромобілів Tesla USA (набір зарядний + адаптер) 7.4 кВт 32А","Зарядная Станция Зарядные устройства, Тесла, Tesla, електромобиль, Электромобиль, зарядка","Зарядна Станція Зарядні пристрої, Тесла, Tesla, електромобіль, Електромобіль, заряджання","<p>!!! Это не Китай, это сборка и внутрянка Европа. Просто возьмите такую же китайскую копию, которой и вводят в заблуждение клиентов, и приезжайте к нам в гости, поймете что такое европейский кабель, европейская фурнитура, розетки, внутренний контроллер и т.д. + Официальная гарантия с сервисным центром в Украине.</p>
<p>Зарядное устройство второго поколения SPARKS на 32 Ампера (7.7 кВт) для&nbsp;Tesla S, 3, X,Y с американским разьемом.</p>
<p>Сделано в Европе (www.sparkschargers.pl) - заводская сборка и в разы качественнее местных разработок.&nbsp;Улучшена защита от воды, теперь электроника защищена по классу IP65 - можно использовать под дождем, ронять в лужу.</p>
<p>Зарядка без проблем работает в Европе - важно для тех, кто путешествует или сам везет авто из Европы.</p>
<p>Может заряжать без заземления (временно отключается).</p>
<p>Ток переключается 10-16-24-32 Ампера сенсорной кнопкой (никаких странных/лишних кнопок и выступов на корпусе нет, торчащих светодиодов и незаводских отверстий нет), наличие защит, ВЛАГОЗАЩИЩЕННЫЙ!!! класс защиты IP65, резиновый польский RR-F кабель 6&nbsp;метров, возможность отключения проверки заземления/фазировки, RGB светодиодная индикация, фурнитура&nbsp;SCAME (Испания).</p>
<p>Составляющие набора:</p>
<p>- Зарядное устройство на 7.7 кВт (32 Ампера) Тип 1</p>
<p>- Адаптер J1772 - Tесла</p>
<p>- Перехідник 16-32 Ампери</p>
<p>- Сумка&nbsp;</p>
<p>Адаптер J1772 - Тесла сможете также использовать отдельно на публичных зарядках, что очень удобно.&nbsp;</p>
<p>Другая длина кабеля под заказ, срок такого заводского исполнения и доставка до 10 рабочих дней.</p>
<p>Фирменная упаковка, инструкция на польском и украинском языке. Гарантия 1 год. Сервисная и клиентская поддержка.&nbsp;Сервісний партнер <a href=""https://evservice.com.ua"" target=""_blank"">evservice.com.ua</a></p>
<p>Подменный фонд. Возможна оптовая продажа.</p>
<p>Продукт на рынке Украины более пяти лет.</p>
<p>Работаем 7 дней в неделю.&nbsp;Приезжайте на бесплатный тест к нам в офис!</p>","<p>!!! Це не Китай, це збирання та нутрощі Європа. Просто візьміть таку ж китайську копію, якою і вводять в оману клієнтів, і приїжджайте до нас у гості, зрозумієте, що таке європейський кабель, європейська фурнітура, розетки, внутрішній контролер і т.д.&nbsp;+ Офіційна гарантія із сервісним центром в Україні.</p>
<p>Зарядний пристрій другого покоління SPARKS на 32 Ампери (7.7 кВт) для Tesla S, 3, X, Y з американським роз&#39;ємом.</p>
<p>Зроблено в Європі (www.sparkschargers.pl) - заводське складання та в рази якісніше місцевих розробок. Покращено захист від води, тепер електроніка захищена за класом IP65 - можна використовувати під дощем, кидати в калюжу.</p>
<p>Зарядка без проблем працює в Європі &ndash; важливо для тих, хто подорожує чи сам везе авто із Європи.</p>
<p>Може заряджати без заземлення (тимчасово вимикається).</p>
<p>Струм перемикається 10-16-24-32 Ампери сенсорною кнопкою (ніяких дивних/зайвих кнопок і виступів на корпусі немає, світлодіодів, що стирчать, і незаводських отворів немає), наявність захистів, ВОЛОГОЗАХИЩЕНИЙ!!! клас захисту IP65, гумовий польський RR-F кабель 6&nbsp;метрів, можливість відключення перевірки заземлення/фазування, RGB світлодіодна індикація, фурнітура SCAME (Іспанія).</p>
<p>Складові набору:</p>
<p>- Зарядний пристрій на 7.7 кВт (32 Ампери) Тип 1</p>
<p>- Адаптер J1772 - Тесла</p>
<p>- Перехідник 16-32 Ампери</p>
<p>- Сумка</p>
<p>Адаптер J1772 - Тесла також можете використовувати окремо на публічних зарядках, що дуже зручно.</p>
<p>Інша довжина кабелю на замовлення, термін такого заводського виконання та доставка до 10 робочих днів.</p>
<p>Фірмова упаковка, інструкція польською та українською мовами. Гарантія 1 рік. Сервісна та клієнтська підтримка.&nbsp;Сервісний партнер <a href=""https://evservice.com.ua"" target=""_blank"">evservice.com.ua</a></p>
<p>Підмінний фонд. Можливий оптовий продаж.</p>
<p>Продукт на ринку України понад п&#39;ять років.</p>
<p>Працюємо 7 днів на тиждень. Приїжджайте на безкоштовний тест до нас до офісу!</p>",r,340,USD,шт.,,,,"https://images.prom.ua/4878820278_zaryadnoe-ustrojstvo-sparks.jpg, https://images.prom.ua/4878818933_zaryadnoe-ustrojstvo-sparks.jpg, https://images.prom.ua/4878816975_zaryadnoe-ustrojstvo-sparks.jpg, https://images.prom.ua/4878825361_zaryadnoe-ustrojstvo-sparks.jpg, https://images.prom.ua/4878818878_zaryadnoe-ustrojstvo-sparks.jpg, https://images.prom.ua/4878820622_zaryadnoe-ustrojstvo-sparks.jpg, https://images.prom.ua/4878820621_zaryadnoe-ustrojstvo-sparks.jpg, https://images.prom.ua/4878820731_zaryadnoe-ustrojstvo-sparks.jpg, https://images.prom.ua/4878820738_zaryadnoe-ustrojstvo-sparks.jpg, https://images.prom.ua/4849269677_zaryadnoe-ustrojstvo-sparks.jpg",+,52604021,Корневая группа,https://prom.ua/Zaryadnye-ustrojstva-stantsii,,,,,1951184443,,5505,Зарядна станція,SPARKS CHARGERS,Польща,,,,https://sparkschargers.com.ua/p1951184443-zaryadnoe-ustrojstvo-sparks.html,,,-,,,,,,,,,,,,,Так,,Стан,,Новий,Колір,,Чорний,Тип роз'ємів,,Tesla USA,Сила струму,А,32,Потужність,кВт,"7,4",Кількість фаз,,1,Сумісність з моделлю,,Ampera,Сумісність з маркою,,TESLA,Вхідна напруга,В,230,Довжина кабелю,см,600,Гарантійний термін,міс,12,Індикатор роботи,,Так,Вбудований запобіжник,,Так,Ступінь захисту IP,,65,Мінімальна температура експлуатації,град. C,-32,Максимальна температура експлуатації,град. C,45,Сумісність,,TESLA Model S 2012|TESLA Model X 2015|Tesla Model 3 2016-
,"Европейское зарядное устройство SPARKS 16 Ампер, зарядка для електромобилей с разьемом GB/T, GBT, ГБТ. (VW id)","Європейський зарядний пристрій SPARKS 16 Ампер, зарядка для електромобілів з роз'ємом GB/T, GBT, ГБТ. (VW id)","Зарядная Станция Зарядные устройства, AUDI E-TRON, BYD SONG, HONDA M-NV, NISSAN ARIYA, TOYOTA BZ4X, VOLKSWAGEN ID.4 CROZZ, VOLKSWAGEN ID.3, VOLKSWAGEN ID.6 CROZZ, ZEEKR, GB/T, GBT, ГБТ","Зарядна станція Зарядні пристрої, AUDI E-TRON, BYD SONG, HONDA M-NV, NISSAN ARIYA, TOYOTA BZ4X, VOLKSWAGEN ID.4 CROZZ, VOLKSWAGEN ID.3, VOLKSWAGEN ID.6 CROZ, ZEKR, GBT, GB/T, ГБТ","<p>!!! Это не Китай, это сборка и внутрянка Европа. Просто возьмите такую же китайскую копию, которой и вводят в заблуждение клиентов, и приезжайте к нам в гости, поймете что такое европейский кабель, европейская фурнитура, розетки, внутренний контроллер и т.д. + Официальная гарантия с сервисным центром в Украине.</p>
<p>Зарядное устройство второго поколения SPARKS на 16 Ампер (3.68 кВт) для всех основных типов электромобилей с разъемом GB/T, GBT, ГБТ:</p>
<ul>
<li>
<p>AUDI E-TRON&nbsp;</p>
</li>
<li>
<p>BYD SONG и&nbsp;другие модели\модификации</p>
</li>
<li>
<p>HONDA M-NV и&nbsp;другие модели\модификации</p>
</li>
<li>
<p>NISSAN ARIYA</p>
</li>
<li>
<p>TOYOTA BZ4X</p>
</li>
<li>
<p>VOLKSWAGEN ID.4 CROZZ</p>
</li>
<li>
<p>VOLKSWAGEN ID.3</p>
</li>
<li>
<p>VOLKSWAGEN ID.6 CROZZ&nbsp;</p>
</li>
<li>
<p>ZEEKR</p>
</li>
</ul>
<p>и другие.</p>
<p>Сделано в Европе&nbsp;<a href=""https://www.sparkschargers.pl"" target=""_blank"">www.sparkschargers.pl</a> - заводская сборка, в разы качественнее местных разработок.&nbsp;Улучшена защита от воды, теперь электроника защищена по классу IP65 - можно использовать под дождем, ронять в лужу.<br/>
<br/>
Зарядка без проблем работает в Европе - важно для тех, кто путешествует.<br/>
<br/>
Ток переключается 8-12-16 Ампер тач кнопкой на корпусе зарядки, наличие защит, ВЛАГОЗАЩИЩЕННЫЙ!!! класс защиты IP65, резиновый польский RR-F кабель 6&nbsp;метров, возможность отключения проверки заземления/фазировки, RGB светодиодная индикация, фурнитура&nbsp;SCAME (Испания).<br/>
<br/>
Другая длина кабеля под заказ, срок такого заводского исполнения и доставка до 10 рабочих дней.<br/>
<br/>
Фирменная упаковка, инструкция на польском и украинском языке. Гарантия 1 год. Сервисная и клиентская поддержка.&nbsp;Сервісний партнер <a href=""https://evservice.com.ua"" target=""_blank"">evservice.com.ua</a><br/>
<br/>
Подменный фонд. Возможна оптовая продажа.<br/>
<br/>
Бренд на рынке Украины более пяти лет.<br/>
<br/>
Работаем 7 дней в неделю.&nbsp;Приезжайте на бесплатный тест к нам в офис!</p>","<p>!!! Це не Китай, це збирання та нутрощі Європа. Просто візьміть таку ж китайську копію, якою і вводять в оману клієнтів, і приїжджайте до нас у гості, зрозумієте, що таке європейський кабель, європейська фурнітура, розетки, внутрішній контролер і т.д. + Офіційна гарантія із сервісним центром в Україні.</p>
<p>Зарядний пристрій другого покоління SPARKS на 16 Ампер (3.68 кВт) для всіх основних типів електромобілів з роз&#39;ємом&nbsp;GB/T, GBT, ГБТ:</p>
<ul>
<li>
<p>AUDI E-TRON&nbsp;</p>
</li>
<li>
<p>BYD SONG та інші моделі\модифікації</p>
</li>
<li>
<p>HONDA M-NV та інші моделі\модифікації</p>
</li>
<li>
<p>NISSAN ARIYA</p>
</li>
<li>
<p>TOYOTA BZ4X</p>
</li>
<li>
<p>VOLKSWAGEN ID.4 CROZZ</p>
</li>
<li>
<p>VOLKSWAGEN ID.3</p>
</li>
<li>
<p>VOLKSWAGEN ID.6 CROZZ&nbsp;</p>
</li>
<li>
<p>ZEEKR</p>
</li>
</ul>
<p>та інші.</p>
<p>Зроблено в Європі <a href=""https://www.sparkschargers.pl"" target=""_blank"">www.sparkschargers.pl </a>- заводське складання, в рази якісніше місцевих розробок. Покращено захист від води, тепер електроніка захищена за класом IP65 - можна використовувати під дощем, кидати в калюжу.</p>
<p>Зарядка без проблем працює в Європі &ndash; важливо для тих, хто подорожує.</p>
<p>Струм перемикається 8-12-16 Ампер тач кнопкою на корпусі зарядки, наявність захистів, ВОЛОГОЗАХИЩЕНИЙ!!! клас захисту IP65, гумовий польський RR-F кабель 6&nbsp;метрів, можливість відключення перевірки заземлення/фазування, RGB світлодіодна індикація, фурнітура SCAME (Іспанія).</p>
<p>Інша довжина кабелю на замовлення, термін такого заводського виконання та доставка до 10 робочих днів.</p>
<p>Фірмова упаковка, інструкція польською та українською мовами. Гарантія 1 рік. Сервісна та клієнтська підтримка.&nbsp;Сервісний партнер <a href=""https://evservice.com.ua"" target=""_blank"">evservice.com.ua</a></p>
<p>Підмінний фонд. Можливий оптовий продаж.</p>
<p>Бренд на ринку України понад п&#39;ять років.</p>
<p>Працюємо 7 днів на тиждень. Приїжджайте на безкоштовний тест до нас до офісу!</p>",r,265,USD,шт.,,,,"https://images.prom.ua/5558960368_evropejskoe-zaryadnoe-ustrojstvo.jpg, https://images.prom.ua/5558960347_evropejskoe-zaryadnoe-ustrojstvo.jpg, https://images.prom.ua/5558960339_evropejskoe-zaryadnoe-ustrojstvo.jpg, https://images.prom.ua/5558960363_evropejskoe-zaryadnoe-ustrojstvo.jpg, https://images.prom.ua/5558960342_evropejskoe-zaryadnoe-ustrojstvo.jpg, https://images.prom.ua/5558964555_evropejskoe-zaryadnoe-ustrojstvo.jpg",+,52604021,Корневая группа,https://prom.ua/Zaryadnye-ustrojstva-stantsii,,,,,2137596327,,5505,Зарядна станція,SPARKS CHARGERS,Польща,,,,https://sparkschargers.com.ua/p2137596327-evropejskoe-zaryadnoe-ustrojstvo.html,,,-,,,,,,,,,,,,,Так,,Стан,,Новий,Колір,,Чорний,Тип роз'ємів,,GB/T,Сила струму,А,16,Потужність,кВт,"3,7",Кількість фаз,,1,Сумісність з моделлю,,Ampera,Сумісність з маркою,,BYD|Nissan|Toyota|Honda|Volkswagen|Audi,Вхідна напруга,В,230,Довжина кабелю,см,600,Гарантійний термін,міс,12,Індикатор роботи,,Так,Ступінь захисту IP,,65,Мінімальна температура експлуатації,град. C,-32,Максимальна температура експлуатації,град. C,45,,,,,,
,"Европейское зарядное устройство SPARKS 32 Ампер, зарядка для електромобилей с разьемом GB/T, GBT, ГБТ. (VW id)","Європейський зарядний пристрій SPARKS 32 Ампери, зарядка для електромобілів з роз'ємом GB/T, GBT, ГБТ. (VW id)","Зарядная Станция Зарядные устройства, AUDI E-TRON, BYD SONG, HONDA M-NV, NISSAN ARIYA, TOYOTA BZ4X, VOLKSWAGEN ID.4 CROZZ, VOLKSWAGEN ID.3, VOLKSWAGEN ID.6 CROZZ, ZEEKR, ГБТ, GBT, GB/T","Зарядна станція Зарядні пристрої, AUDI E-TRON, BYD SONG, HONDA M-NV, NISSAN ARIYA, TOYOTA BZ4X, VOLKSWAGEN ID.4 CROZZ, VOLKSWAGEN ID.3, VOLKSWAGEN ID.6 CROZ, ZEKR, GBT, GB/T, ГБТ","<p>!!! Это не Китай, это сборка и внутрянка Европа. Просто возьмите такую же китайскую копию, которой и вводят в заблуждение клиентов, и приезжайте к нам в гости, поймете что такое европейский кабель, европейская фурнитура, розетки, внутренний контроллер и т.д. + Официальная гарантия с сервисным центром в Украине.</p>
<p>Зарядное устройство второго поколения SPARKS на 32 Ампери (7.4 кВт) для всех основных типов электромобилей с разъемом GB/T, GBT, ГБТ:</p>
<ul>
<li>
<p>AUDI E-TRON&nbsp;</p>
</li>
<li>
<p>BYD SONG и&nbsp;другие модели\модификации</p>
</li>
<li>
<p>HONDA M-NV и&nbsp;другие модели\модификации</p>
</li>
<li>
<p>NISSAN ARIYA</p>
</li>
<li>
<p>TOYOTA BZ4X</p>
</li>
<li>
<p>VOLKSWAGEN ID.4 CROZZ</p>
</li>
<li>
<p>VOLKSWAGEN ID.3</p>
</li>
<li>
<p>VOLKSWAGEN ID.6 CROZZ&nbsp;</p>
</li>
<li>
<p>ZEEKR</p>
</li>
</ul>
<p>и другие.</p>
<p>Сделано в Европе&nbsp;<a href=""https://www.sparkschargers.pl"" target=""_blank"">www.sparkschargers.pl</a> - заводская сборка, в разы качественнее местных разработок.&nbsp;Улучшена защита от воды, теперь электроника защищена по классу IP65 - можно использовать под дождем, ронять в лужу.<br/>
<br/>
Зарядка без проблем работает в Европе - важно для тех, кто путешествует.<br/>
<br/>
Ток переключается 10-16-24-32 Ампера тач кнопкой на корпусе зарядки, наличие защит, ВЛАГОЗАЩИЩЕННЫЙ!!! класс защиты IP65, резиновый польский RR-F кабель 6&nbsp;метров, возможность отключения проверки заземления/фазировки, RGB светодиодная индикация, фурнитура&nbsp;SCAME (Испания).<br/>
<br/>
Другая длина кабеля под заказ, срок такого заводского исполнения и доставка до 10 рабочих дней.<br/>
<br/>
Фирменная упаковка, инструкция на польском и украинском языке. Гарантия 1 год. Сервисная и клиентская поддержка.&nbsp;Сервісний партнер <a href=""https://evservice.com.ua"" target=""_blank"">evservice.com.ua</a><br/>
<br/>
Подменный фонд. Возможна оптовая продажа.<br/>
<br/>
Бренд на рынке Украины более пяти лет.<br/>
<br/>
Работаем 7 дней в неделю.&nbsp;Приезжайте на бесплатный тест к нам в офис!</p>","<p>!!! Це не Китай, це збирання та нутрощі Європа. Просто візьміть таку ж китайську копію, якою і вводять в оману клієнтів, і приїжджайте до нас у гості, зрозумієте, що таке європейський кабель, європейська фурнітура, розетки, внутрішній контролер і т.д. + Офіційна гарантія із сервісним центром в Україні.</p>
<p>Зарядний пристрій другого покоління SPARKS на 32 Ампери (7.4 кВт) для всіх основних типів електромобілів з роз&#39;ємом&nbsp;GB/T, GBT, ГБТ:</p>
<ul>
<li>
<p>AUDI E-TRON&nbsp;</p>
</li>
<li>
<p>BYD SONG та інші моделі\модифікації</p>
</li>
<li>
<p>HONDA M-NV та інші моделі\модифікації</p>
</li>
<li>
<p>NISSAN ARIYA</p>
</li>
<li>
<p>TOYOTA BZ4X</p>
</li>
<li>
<p>VOLKSWAGEN ID.4 CROZZ</p>
</li>
<li>
<p>VOLKSWAGEN ID.3</p>
</li>
<li>
<p>VOLKSWAGEN ID.6 CROZZ&nbsp;</p>
</li>
<li>
<p>ZEEKR</p>
</li>
</ul>
<p>та інші.</p>
<p>Зроблено в Європі <a href=""https://www.sparkschargers.pl"" target=""_blank"">www.sparkschargers.pl </a>- заводське складання, в рази якісніше місцевих розробок. Покращено захист від води, тепер електроніка захищена за класом IP65 - можна використовувати під дощем, кидати в калюжу.</p>
<p>Зарядка без проблем працює в Європі &ndash; важливо для тих, хто подорожує.</p>
<p>Струм перемикається 10-16-24-32 Ампери тач кнопкою на корпусі зарядки, наявність захистів, ВОЛОГОЗАХИЩЕНИЙ!!! клас захисту IP65, гумовий польський RR-F кабель 6&nbsp;метрів, можливість відключення перевірки заземлення/фазування, RGB світлодіодна індикація, фурнітура SCAME (Іспанія).</p>
<p>Інша довжина кабелю на замовлення, термін такого заводського виконання та доставка до 10 робочих днів.</p>
<p>Фірмова упаковка, інструкція польською та українською мовами. Гарантія 1 рік. Сервісна та клієнтська підтримка.&nbsp;Сервісний партнер <a href=""https://evservice.com.ua"" target=""_blank"">evservice.com.ua</a></p>
<p>Підмінний фонд. Можливий оптовий продаж.</p>
<p>Бренд на ринку України понад п&#39;ять років.</p>
<p>Працюємо 7 днів на тиждень. Приїжджайте на безкоштовний тест до нас до офісу!</p>",r,315,USD,шт.,,,,"https://images.prom.ua/5558984340_evropejskoe-zaryadnoe-ustrojstvo.jpg, https://images.prom.ua/5558984825_evropejskoe-zaryadnoe-ustrojstvo.jpg, https://images.prom.ua/5558985361_evropejskoe-zaryadnoe-ustrojstvo.jpg, https://images.prom.ua/5558985696_evropejskoe-zaryadnoe-ustrojstvo.jpg, https://images.prom.ua/5558986885_evropejskoe-zaryadnoe-ustrojstvo.jpg, https://images.prom.ua/5558987936_evropejskoe-zaryadnoe-ustrojstvo.jpg, https://images.prom.ua/5558964555_evropejskoe-zaryadnoe-ustrojstvo.jpg",+,52604021,Корневая группа,https://prom.ua/Zaryadnye-ustrojstva-stantsii,,,,,2137609665,,5505,Зарядна станція,SPARKS CHARGERS,Польща,,,,https://sparkschargers.com.ua/p2137609665-evropejskoe-zaryadnoe-ustrojstvo.html,,,-,,,,,,,,,,,,,Так,,Стан,,Новий,Колір,,Чорний,Тип роз'ємів,,GB/T,Сила струму,А,32,Потужність,кВт,"7,4",Кількість фаз,,1,Сумісність з моделлю,,Ampera,Сумісність з маркою,,Volkswagen|Toyota|Nissan|Honda|Audi|BYD,Вхідна напруга,В,230,Довжина кабелю,см,600,Гарантійний термін,міс,12,Індикатор роботи,,Так,Ступінь захисту IP,,64,Мінімальна температура експлуатації,град. C,-32,Максимальна температура експлуатації,град. C,45,,,,,,
,"Зарядное устройство 32 Ампера для Тесла, зарядка для електромобилей с разьемом Tesla MS, MX, M3, MY, NACS","Зарядний пристрій 32 Ампера для Тесла, зарядка для електромобілів з роз'ємом Tesla  MS, MX, M3, MY, NACS","Tesla, Тесла, Зарядное устройство, Электромобиль","Tesla, Тесла, Зарядний пристрій, Електромобіль","<p>Китайское зарядное устройство на 32 Ампера (7.4 кВт) для американских электромобилей с разъемом Tesla, NACS. Заряжает без заземления, без выбора тока заряда (ток выбирается в Тесле на экране от 6 до 32 Ампер). Открывает лючок Теслы с кнопки на разьеме! С синей европейской силовой вилкой на 32 Ампера.</p>
<p>Комплектация:</p>
<ul>
<li>Зарядное устройство 7.5 метров</li>
<li>Сумка</li>
<li>Кронштейн для разьема</li>
<li>Кронштейн для зарядки</li>
</ul>
<p>Фирменная упаковка, инструкция на английском языке. Гарантия 1 месяц. Сервисная и клиентская поддержка.&nbsp;Сервісний партнер <a href=""https://evservice.com.ua"" target=""_blank"">evservice.com.ua</a><br/>
<br/>
Работаем 7 дней в неделю.&nbsp;Приезжайте на бесплатный тест к нам в офис!</p>","<p>Китайський зарядний пристрій 32 Ампера (7.4 кВт) для американських електромобілів з роз&#39;ємом Tesla, NACS. Заряджає без заземлення, без вибору струму заряду (струм вибирається в Теслі на екрані від 6 до 32 Ампер). Відкриває лючок Тесла з кнопки на роз&#39;ємі! З синьою європейською силовою вилкою на 32 Ампери.</p>
<p>Комплектація:</p>
<ul>
<li>Зарядний пристрій 7.5 метрів</li>
<li>Сумка</li>
<li>Кронштейн для роз&#39;єму</li>
<li>Кронштейн для заряджання</li>
</ul>
<p>Фірмова упаковка, інструкція англійською мовою. Гарантія 1 місяць. Сервісна та клієнтська підтримка.&nbsp;Сервісний партнер <a href=""https://evservice.com.ua"" target=""_blank"">evservice.com.ua</a></p>
<p>Працюємо 7 днів на тиждень.Приїжджайте на безкоштовний тест до нас до офісу!</p>",r,230,USD,шт.,,,,"https://images.prom.ua/5954414481_zaryadnoe-ustrojstvo-32.jpg, https://images.prom.ua/5954416147_zaryadnoe-ustrojstvo-32.jpg, https://images.prom.ua/5954414480_zaryadnoe-ustrojstvo-32.jpg, https://images.prom.ua/5954414478_zaryadnoe-ustrojstvo-32.jpg, https://images.prom.ua/5954417135_zaryadnoe-ustrojstvo-32.jpg, https://images.prom.ua/5954416803_zaryadnoe-ustrojstvo-32.jpg",+,52604021,Корневая группа,https://prom.ua/Zaryadnye-ustrojstva-stantsii,,,,,2247510586,,5505,Зарядна станція,Besen,Китай,,,,https://sparkschargers.com.ua/p2247510586-zaryadnoe-ustrojstvo-ampera.html,,,-,,,,,,,,,,,,,Так,,Стан,,Новий,Колір,,Чорний,Тип роз'ємів,,Tesla USA,Сила струму,А,32,Потужність,кВт,"7,4",Кількість фаз,,1,Сумісність з моделлю,,Ampera,Сумісність з маркою,,TESLA,Вхідна напруга,В,230,Довжина кабелю,см,750,Гарантійний термін,міс,12,Індикатор роботи,,Так,Ступінь захисту IP,,64,Мінімальна температура експлуатації,град. C,-32,Максимальна температура експлуатації,град. C,45,,,,,,
,Переходник Тип Type 2 на TESLA USA NACS (обновленная версия) для Тесла M3 MY MS MX,Перехідник Тип Type 2 на TESLA USA NACS (оновлена версія) для Тесла M3 MY MS MX,"TESLA, TESLA USA, ADAPTER, Адаптер, Перехідник, Переходник, Електромобіль, Электромобиль, Тесла, Type 2, Тип 2","TESLA, TESLA USA, ADAPTER, Адаптер, Перехідник, електромобіль, Електромобіль, Тесла, Type 2, Тип 2","<p>Подходит для всех автомобилей Tesla USA!&nbsp;Переходник сделан на заводе!</p>
<p>Это переходник для зарядки Tesla из США от общественных\домашних зарядных станций с кабелем Тип Type 2. Сравните с фото разьема в Вашем авто и на зарядной станции, чтобы сделать правильный выбор адаптера.</p>
<p style=""margin-left:40px"">- Мощность адаптера до 8 кВт</p>
<p style=""margin-left:40px"">- Посеребрённые контакты из медно-титанового сплава</p>
<p style=""margin-left:40px"">- Степень защиты - IP54.</p>
<p style=""margin-left:40px"">- Адаптер однофазный, т.к. американские авто заряжаются по одной фазе</p>
<p>&nbsp;</p>","<p>Підходить для всіх автомобілів Tesla USA!&nbsp;Перехідник зроблено на заводі!</p>
<p>Це перехідник для заряджання Tesla зі США від громадських\домашніх зарядних станцій з кабелем Тип Type 2. Порівняйте з фото роз&#39;єм у Вашому авто та на зарядній станції, щоб зробити правильний вибір адаптера.</p>
<ul>
<li>Потужність адаптера до 8 кВт</li>
<li>Срібні контакти з мідно-титанового сплаву</li>
<li>Ступінь захисту &ndash; IP54.</li>
<li>Адаптер однофазний, бо&nbsp;американські авто заряджаються по одній фазі</li>
</ul>",r,1600,UAH,шт.,,,,"https://images.prom.ua/7716242407_perehodnik-tip-type.jpg, https://images.prom.ua/6303872662_perehodnik-tip-type.jpg, https://images.prom.ua/6303872650_perehodnik-tip-type.jpg, https://images.prom.ua/6303872663_perehodnik-tip-type.jpg",+,52604021,Корневая группа,https://prom.ua/Zaryadnye-ustrojstva-stantsii,,,,,2373289399,,5505,Адаптери і кабелі,Besen,Китай,,,,https://sparkschargers.com.ua/p2373289399-perehodnik-tip-type.html,,,-,,,,,,,,,,,,,Ні,,Стан,,Новий,Колір,,Чорний,Тип роз'ємів,,Type 2 на Tesla,Сила струму,А,32,Потужність,кВт,"7,4",Кількість фаз,,1,Сумісність з маркою,,TESLA,Вхідна напруга,В,230,,,,,,,,,,,,,,,,,,,,,,,,,,,
,Зарядный кабель для электромобиля 7.4 кВт 32А 1-фаза 6м TYPE 2 (станция) - GB/T AC (китайское авто),Зарядний кабель для електромобіля 7.4 кВт 32А 1-фаза 6м TYPE 2 (станція) - GB/T AC (китайське авто),"кабель для електромобіля, кабель до електромобілю, ГБТ, GBT, GB/T, китайське авто","кабель для електромобіля, кабель до електромобілю, ГБТ, GBT, GB/T, китайське авто","<p>Кабель Тип 2-GB/T позволяет заряжать электромобиль от стационарной станции с разъемом Тип 2 по одной фазе с током 32 Амперы, 7.4 кВт\ч.</p>
<p>Качественные коннекторы, очень гибкий эвропейский резиновый кабель, который держит морозы.&nbsp;Длина кабеля - 6 м.</p>
<p>Кабель идет в сумке.</p>
<p>Сделано в Европе. Гарантия 1 год, авторизированный сервисный центр в Киеве.&nbsp;Сервисный партнер <a href=""https://evservice.com.ua"" target=""_blank"">evservice.com.ua</a></p>","<p>Кабель Тип 2-GB/T дозволяє заряджати електромобіль від стаціонарної станції з розємом Тип 2 по одній фазі зі струмом 32 Ампери, 7.4 кВт\год.</p>
<p>Якісні конектори, дуже гнучкий европейський резиновий кабель, який тримає морози.&nbsp;Довжина кабелю &ndash; 6 м.</p>
<p>Кабель іде в сумці.</p>
<p>Зроблено в Європі. Гарантія 1 рік, авторизований сервісний центр в Києві.&nbsp;Сервісний партнер <a href=""https://evservice.com.ua"" target=""_blank"">evservice.com.ua</a></p>",r,6100,UAH,шт.,,,,"https://images.prom.ua/6528370694_zaryadnyj-kabel-dlya.jpg, https://images.prom.ua/6528370690_zaryadnyj-kabel-dlya.jpg, https://images.prom.ua/6528370684_zaryadnyj-kabel-dlya.jpg, https://images.prom.ua/6528370686_zaryadnyj-kabel-dlya.jpg, https://images.prom.ua/6528370688_zaryadnyj-kabel-dlya.jpg, https://images.prom.ua/6528370689_zaryadnyj-kabel-dlya.jpg, https://images.prom.ua/6528370691_zaryadnyj-kabel-dlya.jpg, https://images.prom.ua/6528370695_zaryadnyj-kabel-dlya.jpg, https://images.prom.ua/6528363481_zaryadnyj-kabel-dlya.jpg, https://images.prom.ua/6528363702_zaryadnyj-kabel-dlya.jpg",+,52604021,Корневая группа,https://prom.ua/Zaryadnye-ustrojstva-stantsii,,,,,2526036961,,5505,Адаптери і кабелі,SPARKS CHARGERS,Польща,,,,https://sparkschargers.com.ua/p2526036961-zaryadnyj-kabel-dlya.html,,,-,,,,,,,,,,,,,Так,,Стан,,Новий,Колір,,Чорний,Тип роз'ємів,,GB/T,Сила струму,А,32,Потужність,кВт,"7,4",Кількість фаз,,1,Сумісність з моделлю,,Ampera,Довжина кабелю,см,600,Гарантійний термін,міс,12,,,,,,,,,,,,,,,,,,,,,,,,
,Зарядный кабель для электромобиля 7.4 кВт 32А 1-фаза 6м TYPE 2 (станция) - TYPE 2 (европейское авто),Зарядний кабель для електромобіля 7.4 кВт 32А 1-фаза 6м TYPE 2 (станція) - TYPE 2 (європейське авто),"кабель для електромобіля, кабель до електромобілю, Тип 2, Type 2, європейський електромобіль","кабель для електромобіля, кабель до електромобілю, європейський електромобіль, Тип 2, Type 2","<p>Кабель SPARKS CHARGERS Тип 2 - Тип 2 дозволяє заряджати електромобіль від стаціонарної станції з розємом Тип 2 по одній фазі зі струмом 32 Ампери, 7.4 кВт\год.</p>
<p>Якісні конектори, дуже гнучкий европейський резиновий кабель, який тримає морози.&nbsp;Довжина кабелю &ndash; 6 м.</p>
<p>Кабель іде в сумці.</p>
<p>Зроблено в Європі, sparkschargers.pl</p>
<p>Гарантія 1 рік, авторизований сервісний центр в Києві. Сервісний партнер <a href=""https://evservice.com.ua"" target=""_blank"">evservice.com.ua</a></p>
<p>&nbsp;</p>","<p>Кабель SPARKS CHARGERS Тип 2 - Тип 2 дозволяє заряджати електромобіль від стаціонарної станції з розємом Тип 2 по одній фазі зі струмом 32 Ампери, 7.4 кВт\год.</p>
<p>Якісні конектори, дуже гнучкий европейський резиновий кабель, який тримає морози.&nbsp;Довжина кабелю &ndash; 6 м.</p>
<p>Кабель іде в сумці.</p>
<p>Зроблено в Європі, sparkschargers.pl</p>
<p>Гарантія 1 рік, авторизований сервісний центр в Києві.&nbsp;Сервісний партнер <a href=""https://evservice.com.ua"" target=""_blank"">evservice.com.ua</a></p>",r,6300,UAH,шт.,,,,"https://images.prom.ua/6528363645_zaryadnyj-kabel-dlya.jpg, https://images.prom.ua/6528363509_zaryadnyj-kabel-dlya.jpg, https://images.prom.ua/6528363701_zaryadnyj-kabel-dlya.jpg, https://images.prom.ua/6528363667_zaryadnyj-kabel-dlya.jpg, https://images.prom.ua/6528363703_zaryadnyj-kabel-dlya.jpg, https://images.prom.ua/6528363481_zaryadnyj-kabel-dlya.jpg, https://images.prom.ua/6528363702_zaryadnyj-kabel-dlya.jpg",+,52604021,Корневая группа,https://prom.ua/Zaryadnye-ustrojstva-stantsii,,,,,2526039893,,5505,Адаптери і кабелі,SPARKS CHARGERS,Польща,,,,https://sparkschargers.com.ua/p2526039893-zaryadnyj-kabel-dlya.html,,,-,,,,,,,,,,,,,Так,,Стан,,Новий,Колір,,Чорний,Тип роз'ємів,,Type 2,Сила струму,А,32,Потужність,кВт,"7,4",Кількість фаз,,1,Вхідна напруга,В,230,Довжина кабелю,см,600,Гарантійний термін,міс,12,,,,,,,,,,,,,,,,,,,,,,,,
,Переходник з Тип Type 2 для китайских автомобилей с разьемом ГБТ GBT (обновленная версия) 3 фазы,Перехідник з Тип Type 2 для китайських автомобілів з роз'ємом ГБТ GBT (оновлена версія) 3 фази,"ADAPTER, Адаптер, Перехідник, Переходник, Електромобіль, Электромобиль, Type 2, Тип 2, ГБТ, GBT, GB\T","ADAPTER, Адаптер, Перехідник, Єлектромобіль, Електромобіль, Type 2, Тип 2, ГБТ, GBT, GB/T","<p>Подходит для всех китайских автомобилей с разьемом ГБТ GBT GB\T.&nbsp;Изначально переходник трехфазный, но подходит и для однофазных авто. Переходник сделан на заводе.</p>
<p>Это переходник для зарядки китайских автомобилей с разьемом ГБТ GBT GB\T от общественных\домашних зарядных станций с кабелем Тип Type 2. Сравните с фото разьема в Вашем авто и на зарядной станции, чтобы сделать правильный выбор адаптера.</p>
<p>- Мощность адаптера до 22 кВт (3 фазы)</p>
<p>- Посеребрённые контакты из медно-титанового сплава</p>
<p>- Степень защиты - IP54.</p>
<p>Адаптер проверен на авто (тк на рынке бывают варианты), есть уникальный серийник.</p>
<p>&nbsp;</p>","<p>Підходить для всіх китайських автомобілів із роз&#39;ємом ГБТ GBT GB\T. Перехідник трифазний, але підходить і для однофазних авто. Перехідник зроблено на заводі.</p>
<p>Це перехідник для зарядки китайських автомобілів з роз&#39;ємом GBT GBT GB\T від громадських\домашніх зарядних станцій з кабелем Тип Type 2. Порівняйте з фото роз&#39;єму у Вашому авто і на зарядній станції, щоб зробити правильний вибір адаптера.</p>
<p>- Потужність адаптера до 22 кВт (3 фази)</p>
<p>- Срібні контакти з мідно-титанового сплаву</p>
<p>- Ступінь захисту &ndash; IP54.</p>
<p>Адаптер перевірено на авто (тк на ринку бувають варіанти), є унікальний серійник.</p>",r,1600,UAH,шт.,,,,"https://images.prom.ua/7716203871_perehodnik-z-tip.jpg, https://images.prom.ua/6629747071_perehodnik-z-tip.jpg, https://images.prom.ua/6629685206_perehodnik-z-tip.jpg, https://images.prom.ua/6629723645_perehodnik-z-tip.jpg, https://images.prom.ua/6629685177_perehodnik-z-tip.jpg",!,52604021,Корневая группа,https://prom.ua/Zaryadnye-ustrojstva-stantsii,,,,,2594096280,,5505,Адаптери і кабелі,Besen,Китай,,,,https://sparkschargers.com.ua/p2594096280-perehodnik-tip-type.html,,,-,,,,,,,,,,,,,Ні,,Стан,,Новий,Колір,,Чорний,Тип роз'ємів,,Type 2 на GB/T,Сила струму,А,32,Потужність,кВт,22,Кількість фаз,,3,,,,,,,,,,,,,,,,,,,,,,,,,,,,,,,,,
,Переходник з Тип Type 1 для китайских автомобилей с разьемом ГБТ GBT (обновленная версия) 1 фаза,Перехідник з Тип Type 1 для китайських автомобілів з роз'ємом ГБТ GBT (оновлена версія) 1 фаза,"ADAPTER, Адаптер, Перехідник, Переходник, Електромобіль, Электромобиль, ГБТ, GBT, GB\T, Тип 1, Type 1","ADAPTER, Адаптер, Перехідник, Єлектромобіль, Електромобіль, ГБТ, GBT, GB/T, Тип 1, Type 1","<p>Подходит для всех китайских автомобилей с разьемом ГБТ GBT GB\T.&nbsp;Переходник однофазный. Переходник сделан на заводе.</p>
<p>Это переходник для зарядки китайских автомобилей с разьемом ГБТ GBT GB\T от общественных\домашних зарядных станций с кабелем Тип Type 1. Сравните с фото разьема в Вашем авто и на зарядной станции, чтобы сделать правильный выбор адаптера.</p>
<p>- Мощность адаптера до 7 кВт (1 фаза)</p>
<p>- Посеребрённые контакты из медно-титанового сплава</p>
<p>- Степень защиты - IP54.</p>
<p>Адаптер проверен на авто (тк на рынке бывают варианты), есть уникальный серийник.</p>
<p>&nbsp;</p>","<p>Підходить для всіх китайських автомобілів із роз&#39;ємом ГБТ GBT GB\T.Перехідник однофазний. Перехідник зроблено на заводі.</p>
<p>Це перехідник для зарядки китайських автомобілів з роз&#39;ємом GBT GBT GB\T від громадських\домашніх зарядних станцій з кабелем Тип Type 1. Порівняйте з фото роз&#39;єму у Вашому авто і на зарядній станції, щоб зробити правильний вибір адаптера.</p>
<p>- Потужність адаптера до 7 кВт (1 фаза)</p>
<p>- Срібні контакти з мідно-титанового сплаву</p>
<p>- Ступінь захисту &ndash; IP54.</p>
<p>Адаптер перевірено на авто (тк на ринку бувають варіанти), є унікальний серійник.</p>",r,1600,UAH,шт.,,,,"https://images.prom.ua/7716169329_perehodnik-z-tip.jpg, https://images.prom.ua/6629685209_perehodnik-z-tip.jpg, https://images.prom.ua/6629742693_perehodnik-z-tip.jpg, https://images.prom.ua/6629742697_perehodnik-z-tip.jpg, https://images.prom.ua/6629742713_perehodnik-z-tip.jpg, https://images.prom.ua/6629742729_perehodnik-z-tip.jpg",!,52604021,Корневая группа,https://prom.ua/Zaryadnye-ustrojstva-stantsii,,,,,2594141734,,5505,Адаптери і кабелі,Besen,Китай,,,,https://sparkschargers.com.ua/p2594141734-perehodnik-tip-type.html,,,-,,,,,,,,,,,,,Ні,,Стан,,Новий,Колір,,Чорний,Тип роз'ємів,,Type 1 на GB/T,Сила струму,А,32,Потужність,кВт,7,Кількість фаз,,1,Вхідна напруга,В,230,,,,,,,,,,,,,,,,,,,,,,,,,,,,,,
,Зарядная станция стационарная LADERGY 22кВт Type 2 Тип 2 (3 фазная),Зарядна станція стаціонарна LADERGY 22кВт Type 2 Тип 2 (3 фазна),"Ladergy, Тип 2, Type 2, зарядна станція для електромобіля","Ladergy, Тип 2, Type 2, зарядна станція для електромобіля","<p>Стаціонарний зарядний пристрій для електромобілів з розємом Тип 2 \ Type 2.</p>
<p>Виробник - Ladergy (Україна);</p>
<p>Настінний монтаж;</p>
<p>Потужність - до 22 кВт;</p>
<p>Напруга 400В, 3 фази;</p>
<p>Довжина кабелю - 5метрів;</p>
<p>Керування - WiFi;</p>
<p>Наявність роботи по протоколу OCPP як комерційна зарядна станція.</p>
<p>Наявність дисплею - так;</p>
<p>Індикація статусу - RGB підсвітка корпусу. Яскравість екрану і підсвітки регулюється. При потребі можна вимкнути всі світлові елементи, або зробити дуже низьку яскравість.</p>
<p>Зарядний струм (А):&nbsp;<strong>7А-32А</strong></p>
<p>Захист від перевищення напруги:&nbsp;<strong>так</strong></p>
<p>Контроль витоку струму на землю:&nbsp;<strong>так</strong><br/>
Контроль перевищення струму:&nbsp;<strong>так</strong><br/>
Контроль температури:&nbsp;<strong>пристрою/конектора</strong><br/>
Контроль залипання реле:&nbsp;<strong>так</strong><br/>
Діапазон робочих температур:&nbsp;<strong>від -25 &deg;С до +45 &deg;С</strong></p>
<p>Гарантія 1 рік.</p>
<p>Може заряджати і однофазні автомобілі з Типом 2.</p>","<p>Стаціонарний зарядний пристрій для електромобілів з розємом Тип 2 \ Type 2.</p>
<p>Виробник - Ladergy (Україна);</p>
<p>Настінний монтаж;</p>
<p>Потужність - до 22 кВт;</p>
<p>Напруга 400В, 3 фази;</p>
<p>Довжина кабелю - 5метрів;</p>
<p>Керування - WiFi;</p>
<p>Наявність роботи по протоколу OCPP як комерційна зарядна станція.</p>
<p>Наявність дисплею - так;</p>
<p>Індикація статусу - RGB підсвітка корпусу. Яскравість екрану і підсвітки регулюється. При потребі можна вимкнути всі світлові елементи, або зробити дуже низьку яскравість.</p>
<p>Зарядний струм (А):&nbsp;<strong>7А-32А</strong></p>
<p>Захист від перевищення напруги:&nbsp;<strong>так</strong></p>
<p>Контроль витоку струму на землю:&nbsp;<strong>так</strong><br/>
Контроль перевищення струму:&nbsp;<strong>так</strong><br/>
Контроль температури:&nbsp;<strong>пристрою/конектора</strong><br/>
Контроль залипання реле:&nbsp;<strong>так</strong><br/>
Діапазон робочих температур:&nbsp;<strong>від -25 &deg;С до +45 &deg;С</strong></p>
<p>Гарантія 1 рік.</p>
<p>Може заряджати і однофазні автомобілі з Типом 2.</p>",r,25999,UAH,шт.,,,,"https://images.prom.ua/6648419995_zaryadnaya-stantsiya-statsionarnaya.jpg, https://images.prom.ua/6648410735_zaryadnaya-stantsiya-statsionarnaya.jpg, https://images.prom.ua/6648410584_zaryadnaya-stantsiya-statsionarnaya.jpg, https://images.prom.ua/6648410568_zaryadnaya-stantsiya-statsionarnaya.jpg, https://images.prom.ua/6648410585_zaryadnaya-stantsiya-statsionarnaya.jpg, https://images.prom.ua/6648410343_zaryadnaya-stantsiya-statsionarnaya.jpg, https://images.prom.ua/6648410587_zaryadnaya-stantsiya-statsionarnaya.jpg, https://images.prom.ua/6648410689_zaryadnaya-stantsiya-statsionarnaya.jpg, https://images.prom.ua/6648418382_zaryadnaya-stantsiya-statsionarnaya.jpg",+,52604021,Корневая группа,https://prom.ua/Zaryadnye-ustrojstva-stantsii,,,,,2608979477,,5505,Зарядна станція,LADERGY,Україна,,,,https://sparkschargers.com.ua/p2608979477-zaryadnaya-stantsiya-statsionarnaya.html,,,-,,,,,,,,,,,,,Так,,Стан,,Новий,Колір,,Чорний,Тип роз'ємів,,Type 2,Сила струму,А,32,Потужність,кВт,22,Кількість фаз,,3,Вхідна напруга,В,400,Довжина кабелю,см,500,Гарантійний термін,міс,12,Індикатор роботи,,Так,,,,,,,,,,,,,,,,,,,,,
,"Переходник c Тип Type 2 европа (в станцию) на Тип 1 америка (в авто), обновленная версия, 1 фаза","Перехідник c Тип Type 2 європа (в станцію) на Тип 1 америка (в авто), оновлена версія, 1 фаза","ADAPTER, Адаптер, Перехідник, Переходник, Електромобіль, Электромобиль, Тип 1, Type 1, Тип 2, Type 2, Type 2 type 1","ADAPTER, Адаптер, Перехідник, Єлектромобіль, Електромобіль, Тип 1, Type 1, Тип 2, Type 2, Type 2 type 1","<p>Подходит для всех американских/японских и других електромобилей с разьемом Тип 1.&nbsp;Переходник однофазный. Переходник сделан на заводе.</p>
<p>Это переходник для зарядки американских/японских и других електромобилей с разьемом Тип 1 от общественных\домашних зарядных станций с кабелем Тип Type 2. Сравните с фото разьема в Вашем авто и на зарядной станции, чтобы сделать правильный выбор адаптера.</p>
<p>- Мощность адаптера до 7 кВт (1 фаза)</p>
<p>- Посеребрённые контакты из медно-титанового сплава</p>
<p>- Степень защиты - IP54.</p>
<p>Адаптер проверен на авто (тк на рынке бывают нерабочие варианты), есть уникальный серийник.</p>
<p>&nbsp;</p>","<p>Підходить для всіх американських/японських та інших електромобілів з роз&#39;ємом Тип 1. Перехідник однофазний. Перехідник зроблено на заводі.</p>
<p>Це перехідник для зарядки американських/японських та інших електромобілів з роз&#39;ємом Тип 1 від громадських\домашніх зарядних станцій із кабелем Тип Type 2. Порівняйте з фото роз&#39;єму у Вашому авто та на зарядній станції, щоб зробити правильний вибір адаптера.</p>
<p>- Потужність адаптера до 7 кВт (1 фаза)</p>
<p>- Срібні контакти з мідно-титанового сплаву</p>
<p>- Ступінь захисту &ndash; IP54.</p>
<p>Адаптер перевірено на авто (тк на ринку бувають неробочі варіанти), є унікальний серійник.</p>",r,1600,UAH,шт.,,,,"https://images.prom.ua/6750168760_perehodnik-c-tip.jpg, https://images.prom.ua/6750168757_perehodnik-c-tip.jpg, https://images.prom.ua/6750168758_perehodnik-c-tip.jpg, https://images.prom.ua/6750168759_perehodnik-c-tip.jpg",!,52604021,Корневая группа,https://prom.ua/Zaryadnye-ustrojstva-stantsii,,,,,2679366326,,5505,Адаптери і кабелі,Besen,Китай,,,,https://sparkschargers.com.ua/p2679366326-perehodnik-tip-type.html,,,-,,,,,,,,,,,,,Ні,,Стан,,Новий,Колір,,Чорний,Тип роз'ємів,,Type 2 на Type 1,Сила струму,А,32,Потужність,кВт,7,Кількість фаз,,1,,,,,,,,,,,,,,,,,,,,,,,,,,,,,,,,,
,Переходник Тип Type 1 на TESLA USA NACS (обновленная версия) для Тесла M3 MY MS MX 80 Ампер,Перехідник Тип Type 1 на TESLA USA NACS (оновлена версія) для Тесла M3 MY MS MX 80 Ампер,"TESLA, TESLA USA, ADAPTER, Адаптер, Перехідник, Переходник, Електромобіль, Электромобиль, Тесла, Type 1, Тип 1","TESLA, TESLA USA, ADAPTER, Адаптер, Перехідник, електромобіль, Електромобіль, Тесла, Type 1, Тип 1","<p>Подходит для всех автомобилей Tesla USA!&nbsp;Переходник сделан на заводе!</p>
<p>Это переходник для зарядки Tesla из США от общественных\домашних зарядных станций с кабелем Тип Type 1. Сравните с фото разьема в Вашем авто и на зарядной станции, чтобы сделать правильный выбор адаптера.</p>
<p style=""margin-left:40px"">- Мощность адаптера до 80 Ампер / 18,4 кВт (тк часто продают менее качественные на 60 Ампер)</p>
<p style=""margin-left:40px"">- Посеребрённые контакты из медно-титанового сплава</p>
<p style=""margin-left:40px"">- Степень защиты - IP54.</p>
<p style=""margin-left:40px"">- Адаптер однофазный, т.к. американские авто заряжаются по одной фазе</p>
<p>&nbsp;</p>","<p>Підходить для всіх автомобілів Tesla USA!&nbsp;Перехідник зроблено на заводі!</p>
<p>Це перехідник для заряджання Tesla зі США від громадських\домашніх зарядних станцій з кабелем Тип Type 2. Порівняйте з фото роз&#39;єм у Вашому авто та на зарядній станції, щоб зробити правильний вибір адаптера.</p>
<ul>
<li>Потужність адаптера до 80 Ампер / 18,4 кВт&nbsp;(бо часто продають менш якісні на 60 Ампер)</li>
<li>Срібні контакти з мідно-титанового сплаву</li>
<li>Ступінь захисту &ndash; IP54.</li>
<li>Адаптер однофазний, бо&nbsp;американські авто заряджаються по одній фазі</li>
</ul>",r,650,UAH,шт.,,,,"https://images.prom.ua/6828804415_perehodnik-tip-type.jpg, https://images.prom.ua/6828804417_perehodnik-tip-type.jpg, https://images.prom.ua/6828804414_perehodnik-tip-type.jpg, https://images.prom.ua/6828804416_perehodnik-tip-type.jpg",!,52604021,Корневая группа,https://prom.ua/Zaryadnye-ustrojstva-stantsii,,,,,2748045608,,5505,Адаптери і кабелі,Besen,Китай,,,,https://sparkschargers.com.ua/p2748045608-perehodnik-tip-type.html,,,-,,,,,,,,,,,,,Ні,,Стан,,Новий,Колір,,Чорний,Тип роз'ємів,,Type 1 на Tesla,Сила струму,А,80,Потужність,кВт,"18,4",Кількість фаз,,1,Вхідна напруга,В,230,,,,,,,,,,,,,,,,,,,,,,,,,,,,,,
,"Переходник CCS 2 combo + AC на TESLA USA (обновленная версия 300 Амп) стандарт и PLAID для Тесла, Тesla M3 MY MS MX","Перехідник CCS 2 combo + AC на TESLA USA (оновлена версія 300 Амп) стандарт та PLAID для Тесла, Tesla M3 MY MS MX","CCS, CCS2, TESLA, TESLA USA, ADAPTER, Адаптер, Перехідник, Переходник, Електромобіль, Электромобиль, Тесла","CCS, CCS2, TESLA, TESLA USA, ADAPTER, Адаптер, Перехидник, Перехідник, електромобіль, Електромобіль, Тесла","<p>Подходит для всех автомобилей Tesla USA!</p>
<p>Переходник сделан на заводе! Обновленная, доработанная версия с кнопкой, вторая версия 2025 года.</p>
<p>Это переходник для быстрой зарядки Tesla из США от общественных зарядных станций с кабелем CCS 2 Combo + возможность заряжать через разьем Тип 2 на 32 Ампера ( 7.7 кВт 1 фаза). Сравните с фото разьема в Вашем авто и на зарядной станции, чтобы сделать правильный выбор адаптера.</p>
<p style=""margin-left:40px"">- Мощность адаптера - до 300 кВт (300А * 1000В) со слов производителя. При этом учитывайте, что Теслы 400 Вольтовые и безопасная мощность для адаптера с учетом 20% запаса будет 300А * 400В = 120кВт * 20% = 145 кВт Более высокую мощность передавать через адаптер НЕ желательно, что бы Вам не рассказывали и при этом это на сегодня лучший адаптер, который делают в заводских условиях.&nbsp;</p>
<p style=""margin-left:40px"">- Мощность адаптера - 7.7 кВт AC переменный ток одна фаза Тип 2</p>
<p style=""margin-left:40px"">- Механическая безопасность: Зарядка прекращается, когда адаптер нагревается до 90&ordm;C.</p>
<p style=""margin-left:40px"">- Посеребрённые контакты из медно-титанового сплава</p>
<p style=""margin-left:40px"">- Степень защиты - IP54.</p>
<p>Всегда до начала зарядки по АС закрывайте крышку ибо контакты под напряжением!</p>
<p>Электромобили, выпущенные с 2020 года, не требуют дополнительного вмешательства и сразу готовы к зарядке.</p>
<p>Электромобили, требующие дополнительную установку ретрофит-модуля віпущены в этот период:</p>
<ul>
<li>Tesla Model S, X (2013 - 09.2020)</li>
<li>Tesla Model 3, Y (2018 - 06.2020)</li>
</ul>
<p>Проверяйте адаптер с учетом следующих пунктов:</p>
<ul>
<li>В момент проверки адаптера у Вас на балансе достаточно средств для старта зарядной сессии, ретрофит есть или машина свежая, ранее уже заряжали машину хотя бы переменным током.&nbsp;</li>
<li>Зарядка на постоянном токе стартует не так быстро, как на переменном, это надо учитывать. Поэтому через пару секунд&nbsp;говорить, что адаптер не работает, очень заблаговременно.&nbsp;&nbsp;</li>
</ul>
<p>&nbsp;</p>","<p>Підходить для всіх автомобілів Tesla USA!</p>
<p>Перехідник зроблено на заводі! Оновлена доопрацьована версія з кнопкою, друга версія 2025 року.</p>
<p>Це перехідник для швидкого заряджання Tesla із США від громадських зарядних станцій із кабелем CCS 2 Combo + можливість заряджати через роз&#39;єм Тип 2 на 32 Ампери ( 7.7 кВт 1 фаза). Порівняйте з фото роз&#39;єму у Вашому авто та на зарядній станції, щоб зробити правильний вибір адаптера.</p>
<p>- Потужність адаптера - до 300 кВт (300А*1000В)&nbsp;зі слів виробника. При цьому враховуйте, що Тесли 400 Вольтові та безпечна потужність для адаптера з урахуванням 20% запасу буде 300А*400В=120кВт*20%=145 кВт. Більш високу потужність передавати через адаптер НЕ бажано, щоб Вам не розповідали і при цьому на сьогодні це найкращий адаптер, який роблять у заводських умовах.</p>
<p>- Потужність адаптера - 7.7 кВт AC змінний струм одна фаза Тип 2</p>
<p>- Механічна безпека: Заряджання припиняється, коли адаптер нагрівається до 90&ordm;C.</p>
<p>- Срібні контакти з мідно-титанового сплаву</p>
<p>- Ступінь захисту &ndash; IP54.</p>
<p>Завжди до початку заряджання по АС закривайте кришку бо контакти під напругою!&nbsp;</p>
<p>Електромобілі, випущені з 2020 року, не вимагають додаткового втручання і відразу готові до зарядки.</p>
<p>Електромобілі, що вимагають додаткову установку ретрофіт-модуля, випущені в цей період:</p>
<p>Tesla Model S, X (2013 - 09.2020)<br/>
Tesla Model 3, Y (2018 - 06.2020)</p>
<p>Перевіряйте адаптер з урахуванням таких пунктів:</p>
<ul>
<li>У момент перевірки адаптера у Вас на балансі достатньо коштів для старту зарядної сесії, ретрофіт є або машина свіжа, раніше вже заряджали машину хоча б змінним струмом.</li>
<li>Заряджання на постійному струмі стартує не так швидко, як на змінному, це треба враховувати. Тому через пару секунд говорити, що адаптер не працює, дуже завчасно.</li>
</ul>",r,4700,UAH,шт.,,,,"https://images.prom.ua/6890879011_perehodnik-ccs-2.jpg, https://images.prom.ua/6890879007_perehodnik-ccs-2.jpg, https://images.prom.ua/6890879009_perehodnik-ccs-2.jpg, https://images.prom.ua/6890879008_perehodnik-ccs-2.jpg, https://images.prom.ua/6890879016_perehodnik-ccs-2.jpg",+,52604021,Корневая группа,https://prom.ua/Zaryadnye-ustrojstva-stantsii,,,,,2796676381,,5505,Адаптери і кабелі,Guwieyg,Китай,,,,https://sparkschargers.com.ua/p2796676381-perehodnik-ccs-combo.html,,,-,,,,,,,,,,,,,Ні,,Стан,,Новий,Колір,,Чорний,Тип роз'ємів,,CCS2 на Tesla,Сила струму,А,300,Потужність,кВт,145,Кількість фаз,,1,Цвет корпуса,,Черный,,,,,,,,,,,,,,,,,,,,,,,,,,,,,,
,"Переходник c Тип Type 1 Китай (в станцию) на Тип 1 америка (в авто), обновленная версия с фиксатором, 1 фаза","Перехідник c Тип Type GBT Китай (в станцію) на Тип 1 америка (в авто), оновлена версія з фіксатором, 1 фаза","ADAPTER, Адаптер, Перехідник, Переходник, Електромобіль, Электромобиль, Тип 1, Type 1","ADAPTER, Адаптер, Перехідник, Єлектромобіль, Електромобіль, Тип 1, Type 1","<p>Подходит для всех американских/японских и других електромобилей с разьемом Тип 1.&nbsp;Переходник однофазный. Переходник сделан на заводе.</p>
<p>Это переходник для зарядки американских/японских и других електромобилей с разьемом Тип 1 от общественных\домашних зарядных станций с кабелем Тип GB/T. Сравните с фото разьема в Вашем авто и на зарядной станции, чтобы сделать правильный выбор адаптера.</p>
<p>- Мощность адаптера до 7 кВт (1 фаза)</p>
<p>- Фиксатор защищает от случайного отключения от электоравто</p>
<p>- Посеребрённые контакты из медно-титанового сплава</p>
<p>- Степень защиты - IP54.</p>
<p>Адаптер проверен на авто (тк на рынке бывают нерабочие варианты).</p>
<p>&nbsp;</p>","<p>Підходить для всіх американських/японських та інших електромобілів з роз&#39;ємом Тип 1. Перехідник однофазний з фіксатором. Перехідник зроблено на заводі.</p>
<p>Це перехідник для зарядки американських/японських та інших електромобілів з роз&#39;ємом Тип 1 від громадських\домашніх зарядних станцій із кабелем Тип GB/T. Порівняйте з фото роз&#39;єму у Вашому авто та на зарядній станції, щоб зробити правильний вибір адаптера.</p>
<p>- Потужність адаптера до 7 кВт (1 фаза)</p>
<p>- Фіксатор запобігає випадковому відключенню від електроавто</p>
<p>- Срібні контакти з мідно-титанового сплаву</p>
<p>- Ступінь захисту &ndash; IP54.</p>
<p>Адаптер перевірено на авто (тк на ринку бувають неробочі варіанти).&nbsp;</p>",r,1800,UAH,шт.,,,,"https://images.prom.ua/6972748343_perehodnik-c-tip.jpg, https://images.prom.ua/6972748342_perehodnik-c-tip.jpg, https://images.prom.ua/6972748341_perehodnik-c-tip.jpg, https://images.prom.ua/6972748344_perehodnik-c-tip.jpg",!,52604021,Корневая группа,https://prom.ua/Zaryadnye-ustrojstva-stantsii,,,,,2851884279,,5505,Адаптери і кабелі,Besen,Китай,,,,https://sparkschargers.com.ua/p2851884279-perehodnik-tip-type.html,,,-,,,,,,,,,,,,,Ні,,Стан,,Новий,Колір,,Чорний,Тип роз'ємів,,GBT,Сила струму,А,32,Потужність,кВт,7,Кількість фаз,,1,,,,,,,,,,,,,,,,,,,,,,,,,,,,,,,,,
,"Зарядное устройство SPARKS (Made in EU), зарядка для электромобилей Tesla USA (NACS) 7.7 кВт 32А. Управление по WI-FI","Зарядний пристрій SPARKS (Made in EU), зарядка для електромобілів Tesla USA (NACS) 7.7 кВт 32А. Управління по WI-FI","Зарядная Станция Зарядные устройства, Тесла, Tesla, електромобиль, Электромобиль, зарядка","Зарядна Станція Зарядні пристрої, Тесла, Tesla, електромобіль","<p>!!! Это не Китай, это сборка и внутрянка Европа. Просто возьмите такую же китайскую копию, которой и вводят в заблуждение клиентов, и приезжайте к нам в гости, поймете что такое европейский кабель, европейская фурнитура, розетки, внутренний контроллер и т.д. + Официальная гарантия с сервисным центром в Украине.</p>
<p>Зарядное устройство второго поколения SPARKS на 32 Ампера (7.7 кВт) для&nbsp;Tesla S, 3, X,Y с американским разьемом NACS.</p>
<p>Сделано в Европе (www.sparkschargers.pl) - заводская сборка и в разы качественнее местных разработок.&nbsp;Улучшена защита от воды, теперь электроника защищена по классу IP65 - можно использовать под дождем, ронять в лужу.</p>
<p>Зарядка без проблем работает в Европе - важно для тех, кто путешествует или сам везет авто из Европы.</p>
<p>Может заряжать без заземления (временно отключается).</p>
<p>Кнопка на зарядке открывает дистанционно лючок зарядного порта в Tesla.</p>
<p>Управление зарядкой возможно с кнопки и по WI-FI. Официальное приложение в Play Market и AppStore.</p>
<p>Ток переключается 10-16-24-32 Ампера сенсорной кнопкой (никаких странных/лишних кнопок и выступов на корпусе нет, торчащих светодиодов и незаводских отверстий нет), наличие защит, ВЛАГОЗАЩИЩЕННЫЙ!!! класс защиты IP65, резиновый польский RR-F кабель 6&nbsp;метров, возможность отключения проверки заземления/фазировки, RGB светодиодная индикация, фурнитура&nbsp;SCAME (Испания).</p>
<p>Составляющие набора:</p>
<p>- Зарядное устройство на 7.7 кВт (32 Ампера) Тип 1</p>
<p>- Перехідник 16-32 Ампери</p>
<p>Другая длина кабеля под заказ, срок такого заводского исполнения и доставка до 10 рабочих дней.</p>
<p>Фирменная упаковка, инструкция на польском и украинском языке. Гарантия 1 год. Сервисная и клиентская поддержка.&nbsp;Сервісний партнер <a href=""https://evservice.com.ua"" target=""_blank"">evservice.com.ua</a></p>
<p>Подменный фонд. Возможна оптовая продажа.</p>
<p>Продукт на рынке Украины более пяти лет.</p>
<p>Работаем 7 дней в неделю.&nbsp;Приезжайте на бесплатный тест к нам в офис!</p>","<p>!!! Це не Китай, це збирання та нутрощі Європа. Просто візьміть таку ж китайську копію, якою і вводять в оману клієнтів, і приїжджайте до нас у гості, зрозумієте, що таке європейський кабель, європейська фурнітура, розетки, внутрішній контролер і т.д.&nbsp;+ Офіційна гарантія із сервісним центром в Україні.</p>
<p>Зарядний пристрій другого покоління SPARKS на 32 Ампери (7.7 кВт) для Tesla S, 3, X, Y з американським роз&#39;ємом NACS.</p>
<p>Зроблено в Європі (www.sparkschargers.pl) - заводське складання та в рази якісніше місцевих розробок. Покращено захист від води, тепер електроніка захищена за класом IP65 - можна використовувати під дощем, кидати в калюжу.</p>
<p>Зарядка без проблем працює в Європі &ndash; важливо для тих, хто подорожує чи сам везе авто із Європи.</p>
<p>Може заряджати без заземлення (тимчасово вимикається).</p>
<p>Кнопка на зарядці відчиняє дистанційно лючок зарядного порта в Tesla.</p>
<p>Управління зарядкою можливе з кнопки та по WI-FI. Офіційний додаток в Play Market та AppStore.</p>
<p>Струм перемикається 10-16-24-32 Ампери сенсорною кнопкою (ніяких дивних/зайвих кнопок і виступів на корпусі немає, світлодіодів, що стирчать, і незаводських отворів немає), наявність захистів, ВОЛОГОЗАХИЩЕНИЙ!!! клас захисту IP65, гумовий польський RR-F кабель 6&nbsp;метрів, можливість відключення перевірки заземлення/фазування, RGB світлодіодна індикація, фурнітура SCAME (Іспанія).</p>
<p>Складові набору:</p>
<p>- Зарядний пристрій на 7.7 кВт (32 Ампери) NACS</p>
<p>- Перехідник 32-16 Ампер для побутової розетки</p>
<p>Інша довжина кабелю на замовлення, термін такого заводського виконання та доставка до 10 робочих днів.</p>
<p>Фірмова упаковка, інструкція польською та українською мовами. Гарантія 1 рік. Сервісна та клієнтська підтримка.&nbsp;Сервісний партнер <a href=""https://evservice.com.ua"" target=""_blank"">evservice.com.ua</a></p>
<p>Підмінний фонд. Можливий оптовий продаж.</p>
<p>Продукт на ринку України понад п&#39;ять років.</p>
<p>Працюємо 7 днів на тиждень. Приїжджайте на безкоштовний тест до нас до офісу!</p>",r,340,USD,шт.,,,,"https://images.prom.ua/7561720265_zaryadnoe-ustrojstvo-sparks.jpg, https://images.prom.ua/7561720249_zaryadnoe-ustrojstvo-sparks.jpg, https://images.prom.ua/7561720262_zaryadnoe-ustrojstvo-sparks.jpg, https://images.prom.ua/7561720248_zaryadnoe-ustrojstvo-sparks.jpg, https://images.prom.ua/7561720257_zaryadnoe-ustrojstvo-sparks.jpg, https://images.prom.ua/7561720263_zaryadnoe-ustrojstvo-sparks.jpg, https://images.prom.ua/7561720274_zaryadnoe-ustrojstvo-sparks.jpg, https://images.prom.ua/7561728323_zaryadnoe-ustrojstvo-sparks.jpg, https://images.prom.ua/4849269677_zaryadnoe-ustrojstvo-sparks.jpg",+,52604021,Корневая группа,https://prom.ua/Zaryadnye-ustrojstva-stantsii,,,,,3125573316,,5505,Зарядна станція,SPARKS CHARGERS,Польща,,,,https://sparkschargers.com.ua/p3125573316-zaryadnoe-ustrojstvo-sparks.html,,,-,,,,,,,,,,,,,Так,,Стан,,Новий,Колір,,Чорний,Тип роз'ємів,,Tesla USA,Сила струму,А,32,Потужність,кВт,"7,4",Кількість фаз,,1,Сумісність з моделлю,,Ampera,Сумісність з маркою,,TESLA,Вхідна напруга,В,230,Довжина кабелю,см,600,Гарантійний термін,міс,12,Індикатор роботи,,Так,Вбудований запобіжник,,Так,Ступінь захисту IP,,65,Мінімальна температура експлуатації,град. C,-32,Максимальна температура експлуатації,град. C,45,Сумісність,,TESLA Model S 2012|TESLA Model X 2015|Tesla Model 3 2016-
,"Зарядное устройство SPARKS (Made in EU), зарядка для электромобилей Tesla USA (NACS) 3.3 кВт 16А. Управление по WI-FI","Зарядний пристрій SPARKS (Made in EU), зарядка для електромобілів Tesla USA (NACS) 3.3 кВт 16А. Управління по WI-FI","Зарядная Станция Зарядные устройства, Тесла, Tesla, Электромобиль, зарядка","Зарядна Станція Зарядні пристрої, Тесла, Tesla, електромобіль","<p>!!! Это не Китай, это сборка и внутрянка Европа. Просто возьмите такую же китайскую копию, которой и вводят в заблуждение клиентов, и приезжайте к нам в гости, поймете что такое европейский кабель, европейская фурнитура, розетки, внутренний контроллер и т.д. + Официальная гарантия с сервисным центром в Украине.</p>
<p>Зарядное устройство второго поколения SPARKS на 16 Ампер (3.3 кВт) для&nbsp;Tesla S, 3, X,Y с американским разьемом NACS.</p>
<p>Сделано в Европе (www.sparkschargers.pl) - заводская сборка и в разы качественнее местных разработок.&nbsp;Улучшена защита от воды, теперь электроника защищена по классу IP65 - можно использовать под дождем, ронять в лужу.</p>
<p>Зарядка без проблем работает в Европе - важно для тех, кто путешествует или сам везет авто из Европы.</p>
<p>Может заряжать без заземления (временно отключается).</p>
<p>Кнопка на зарядке открывает дистанционно лючок зарядного порта в Tesla.</p>
<p>Управление зарядкой возможно с кнопки и по WI-FI. Официальное приложение в Play Market и AppStore.</p>
<p>Ток переключается 8-12-16 Ампера сенсорной кнопкой (никаких странных/лишних кнопок и выступов на корпусе нет, торчащих светодиодов и незаводских отверстий нет), наличие защит, ВЛАГОЗАЩИЩЕННЫЙ!!! класс защиты IP65, резиновый польский RR-F кабель 6&nbsp;метров, возможность отключения проверки заземления/фазировки, RGB светодиодная индикация, фурнитура&nbsp;SCAME (Испания).</p>
<p>Другая длина кабеля под заказ, срок такого заводского исполнения и доставка до 10 рабочих дней.</p>
<p>Фирменная упаковка, инструкция на польском и украинском языке. Гарантия 1 год. Сервисная и клиентская поддержка.&nbsp;Сервісний партнер <a href=""https://evservice.com.ua"" target=""_blank"">evservice.com.ua</a></p>
<p>Подменный фонд. Возможна оптовая продажа.</p>
<p>Продукт на рынке Украины более пяти лет.</p>
<p>Работаем 7 дней в неделю.&nbsp;Приезжайте на бесплатный тест к нам в офис!</p>","<p>!!! Це не Китай, це збирання та нутрощі Європа. Просто візьміть таку ж китайську копію, якою і вводять в оману клієнтів, і приїжджайте до нас у гості, зрозумієте, що таке європейський кабель, європейська фурнітура, розетки, внутрішній контролер і т.д.&nbsp;+ Офіційна гарантія із сервісним центром в Україні.</p>
<p>Зарядний пристрій другого покоління SPARKS на 16 Ампер (3.3 кВт) для Tesla S, 3, X, Y з американським роз&#39;ємом NACS.</p>
<p>Зроблено в Європі (www.sparkschargers.pl) - заводське складання та в рази якісніше місцевих розробок. Покращено захист від води, тепер електроніка захищена за класом IP65 - можна використовувати під дощем, кидати в калюжу.</p>
<p>Зарядка без проблем працює в Європі &ndash; важливо для тих, хто подорожує чи сам везе авто із Європи.</p>
<p>Може заряджати без заземлення (тимчасово вимикається).</p>
<p>Кнопка на зарядці відчиняє дистанційно лючок зарядного порта в Tesla.</p>
<p>Управління зарядкою можливе з кнопки та по WI-FI. Офіційний додаток в Play Market та AppStore.</p>
<p>Струм перемикається 8-12-16 Ампер сенсорною кнопкою (ніяких дивних/зайвих кнопок і виступів на корпусі немає, світлодіодів, що стирчать, і незаводських отворів немає), наявність захистів, ВОЛОГОЗАХИЩЕНИЙ!!! клас захисту IP65, гумовий польський RR-F кабель 6&nbsp;метрів, можливість відключення перевірки заземлення/фазування, RGB світлодіодна індикація, фурнітура SCAME (Іспанія).</p>
<p>Інша довжина кабелю на замовлення, термін такого заводського виконання та доставка до 10 робочих днів.</p>
<p>Фірмова упаковка, інструкція польською та українською мовами. Гарантія 1 рік. Сервісна та клієнтська підтримка.&nbsp;Сервісний партнер <a href=""https://evservice.com.ua"" target=""_blank"">evservice.com.ua</a></p>
<p>Підмінний фонд. Можливий оптовий продаж.</p>
<p>Продукт на ринку України понад п&#39;ять років.</p>
<p>Працюємо 7 днів на тиждень. Приїжджайте на безкоштовний тест до нас до офісу!</p>",r,310,USD,шт.,,,,"https://images.prom.ua/7561740930_zaryadnoe-ustrojstvo-sparks.jpg, https://images.prom.ua/7561740926_zaryadnoe-ustrojstvo-sparks.jpg, https://images.prom.ua/7561740928_zaryadnoe-ustrojstvo-sparks.jpg, https://images.prom.ua/7561740929_zaryadnoe-ustrojstvo-sparks.jpg, https://images.prom.ua/7561720263_zaryadnoe-ustrojstvo-sparks.jpg, https://images.prom.ua/4849269677_zaryadnoe-ustrojstvo-sparks.jpg, https://images.prom.ua/7561728323_zaryadnoe-ustrojstvo-sparks.jpg",+,52604021,Корневая группа,https://prom.ua/Zaryadnye-ustrojstva-stantsii,,,,,3125579120,,5505,Зарядна станція,SPARKS CHARGERS,Польща,,,,https://sparkschargers.com.ua/p3125579120-zaryadnoe-ustrojstvo-sparks.html,,,-,,,,,,,,,,,,,Так,,Стан,,Новий,Колір,,Чорний,Тип роз'ємів,,Tesla USA,Сила струму,А,16,Потужність,кВт,"3,7",Кількість фаз,,1,Сумісність з моделлю,,Ampera,Сумісність з маркою,,TESLA,Вхідна напруга,В,230,Довжина кабелю,см,600,Гарантійний термін,міс,12,Індикатор роботи,,Так,Вбудований запобіжник,,Так,Ступінь захисту IP,,65,Мінімальна температура експлуатації,град. C,-32,Максимальна температура експлуатації,град. C,45,Сумісність,,TESLA Model S 2012|TESLA Model X 2015|Tesla Model 3 2016-
,"Переходник CCS 2 combo + AC на TESLA USA (обновленная версия 400 Амп) стандарт и PLAID для Тесла, Тesla M3 MY MS MX","Перехідник CCS 2 combo + AC на TESLA USA (оновлена версія 400 Амп) стандарт та PLAID для Тесла, Tesla M3 MY MS MX","CCS, CCS2, TESLA, TESLA USA, ADAPTER, Адаптер, Перехідник, Переходник, Електромобіль, Электромобиль, Тесла","CCS, CCS2, TESLA, TESLA USA, ADAPTER, Адаптер, Перехидник, Перехідник, електромобіль, Електромобіль, Тесла","<p>Подходит для всех автомобилей Tesla USA!</p>
<p>Переходник сделан на заводе! Обновленная, доработанная версия с кнопкой, вторая версия 2025 года.</p>
<p>Это переходник для быстрой зарядки Tesla из США от общественных зарядных станций с кабелем CCS 2 Combo + возможность заряжать через разьем Тип 2 на 32 Ампера ( 7.7 кВт 1 фаза). Сравните с фото разьема в Вашем авто и на зарядной станции, чтобы сделать правильный выбор адаптера.</p>
<p style=""margin-left:40px"">- Мощность адаптера - до 300 кВт (300А * 1000В) со слов производителя. При этом учитывайте, что Теслы 400 Вольтовые и безопасная мощность для адаптера с учетом 20% запаса будет 400А*400В=160кВт+10%=180 кВт Более высокую мощность передавать через адаптер НЕ желательно, что бы Вам не рассказывали и при этом это на сегодня лучший адаптер, который делают в заводских условиях.&nbsp;</p>
<p style=""margin-left:40px"">- Мощность адаптера - 7.7 кВт AC переменный ток одна фаза Тип 2</p>
<p style=""margin-left:40px"">- Механическая безопасность: Зарядка прекращается, когда адаптер нагревается до 90&ordm;C.</p>
<p style=""margin-left:40px"">- Посеребрённые контакты из медно-титанового сплава</p>
<p style=""margin-left:40px"">- Степень защиты - IP54.</p>
<p>Всегда до начала зарядки по АС закрывайте крышку ибо контакты под напряжением!</p>
<p>Электромобили, выпущенные с 2020 года, не требуют дополнительного вмешательства и сразу готовы к зарядке.</p>
<p>Электромобили, требующие дополнительную установку ретрофит-модуля віпущены в этот период:</p>
<ul>
<li>Tesla Model S, X (2013 - 09.2020)</li>
<li>Tesla Model 3, Y (2018 - 06.2020)</li>
</ul>
<p>Проверяйте адаптер с учетом следующих пунктов:</p>
<ul>
<li>В момент проверки адаптера у Вас на балансе достаточно средств для старта зарядной сессии, ретрофит есть или машина свежая, ранее уже заряжали машину хотя бы переменным током.&nbsp;</li>
<li>Зарядка на постоянном токе стартует не так быстро, как на переменном, это надо учитывать. Поэтому через пару секунд&nbsp;говорить, что адаптер не работает, очень заблаговременно.&nbsp;&nbsp;</li>
<li>Проверяйте зарядку с нажатой и отжатой кнопкой до вставки в электромобиль</li>
</ul>
<p>&nbsp;</p>","<p>Підходить для всіх автомобілів Tesla USA!</p>
<p>Перехідник зроблено на заводі! Оновлена доопрацьована версія з кнопкою, друга версія 2025 року.</p>
<p>Це перехідник для швидкого заряджання Tesla із США від громадських зарядних станцій із кабелем CCS 2 Combo + можливість заряджати через роз&#39;єм Тип 2 на 32 Ампери ( 7.7 кВт 1 фаза). Порівняйте з фото роз&#39;єму у Вашому авто та на зарядній станції, щоб зробити правильний вибір адаптера.</p>
<p>- Потужність адаптера - до 300 кВт (300А*1000В)&nbsp;зі слів виробника. При цьому враховуйте, що Тесли 400 Вольтові та безпечна потужність для адаптера з урахуванням 10% запасу буде 400А*400В=160кВт+10%=180 кВт. Більш високу потужність передавати через адаптер НЕ бажано, щоб Вам не розповідали і при цьому на сьогодні це найкращий адаптер, який роблять у заводських умовах.</p>
<p>- Потужність адаптера - 7.7 кВт AC змінний струм одна фаза Тип 2</p>
<p>- Механічна безпека: Заряджання припиняється, коли адаптер нагрівається до 90&ordm;C.</p>
<p>- Срібні контакти з мідно-титанового сплаву</p>
<p>- Ступінь захисту &ndash; IP54.</p>
<p>Завжди до початку заряджання по АС закривайте кришку бо контакти під напругою!&nbsp;</p>
<p>Електромобілі, випущені з 2020 року, не вимагають додаткового втручання і відразу готові до зарядки.</p>
<p>Електромобілі, що вимагають додаткову установку ретрофіт-модуля, випущені в цей період:</p>
<p>Tesla Model S, X (2013 - 09.2020)<br/>
Tesla Model 3, Y (2018 - 06.2020)</p>
<p>Перевіряйте адаптер з урахуванням таких пунктів:</p>
<ul>
<li>У момент перевірки адаптера у Вас на балансі достатньо коштів для старту зарядної сесії, ретрофіт є або машина свіжа, раніше вже заряджали машину хоча б змінним струмом.</li>
<li>Заряджання на постійному струмі стартує не так швидко, як на змінному, це треба враховувати. Тому через пару секунд говорити, що адаптер не працює, дуже завчасно.</li>
<li>Перевіряйте зарядку з нажатою та з віджатою кнопкою до вставляння в електромобіль</li>
</ul>",r,4500,UAH,шт.,,,,"https://images.prom.ua/7566249950_perehodnik-ccs-2.jpg, https://images.prom.ua/7566249947_perehodnik-ccs-2.jpg, https://images.prom.ua/7566249884_perehodnik-ccs-2.jpg, https://images.prom.ua/7566249937_perehodnik-ccs-2.jpg, https://images.prom.ua/7566249978_perehodnik-ccs-2.jpg, https://images.prom.ua/7566249972_perehodnik-ccs-2.jpg, https://images.prom.ua/7566250000_perehodnik-ccs-2.jpg",+,52604021,Корневая группа,https://prom.ua/Zaryadnye-ustrojstva-stantsii,,,,,3127858350,,5505,Адаптери і кабелі,AFEEV,Китай,,,,https://sparkschargers.com.ua/p3127858350-perehodnik-ccs-combo.html,,,-,,,,,,,,,,,,,Ні,,Стан,,Новий,Колір,,Чорний,Тип роз'ємів,,CCS2 на Tesla,Сила струму,А,400,Потужність,кВт,180,Кількість фаз,,1,Сумісність з маркою,,TESLA,Вбудований запобіжник,,Так,Цвет корпуса,,Черный,,,,,,,,,,,,,,,,,,,,,,,,
,Переходник CCS2 + AC на CCS1 (обновленная версия 400 Ампер),Перехідник CCS2 + AC на CCS1 (оновлена версія 400 Ампер),"CCS, CCS2, ADAPTER, Адаптер, Переходник, Электромобиль, Переходник CCS2 CCS1, CCS1","CCS, CCS2, ADAPTER, Адаптер, Перехідник, Електромобіль, Переходник CCS2 CCS1, CCS1","<p>Подходит для всех автомобилей с разъемом CCS1!</p>
<p>Переходник сделан на заводе! Обновленная доработанная версия с кнопкой, вторая версия 2026 года.</p>
<p>Это переходник для быстрой зарядки электромобилей с портом CCS1 от общественных зарядных станций с кабелем CCS 2 + возможность заряжать через разъем Тип 2 на 32 Ампера (7.7 кВт 1 фаза). Сравни&nbsp; фото с разъемом в Вашем авто и на зарядной станции, чтобы сделать правильный выбор адаптера.</p>
<p>- Мощность адаптера - до 400 кВт (400А*1000В)&nbsp;из слов производителя. При этом учитывайте, что в основном электромобиле 400 Вольтовые и безопасная мощность для адаптера с учетом 10% запаса будет 400А*400В=160кВт+10%=180 кВт. Более высокую мощность передавать через адаптер НЕ желательно, чтобы Вам не рассказывали и при этом на сегодняшний день это лучший адаптер, который делают в заводских условиях.</p>
<p>- Мощность адаптера - 7.7 кВт AC переменный ток одна фаза Тип 2</p>
<p>- Механическая безопасность: Зарядка прекращается, когда адаптер нагревается до 90oC.</p>
<p>- Серебряные контакты с медно-титанового сплава</p>
<p>- Степень защиты &ndash; IP54.</p>
<p>Всегда до начала зарядки по АС закрывайте крышку потому что контакты под напряжением!&nbsp;</p>
<p>Проверяйте адаптер с учетом следующих пунктов:</p>
<ul>
<li>В момент проверки адаптера у Вас на балансе достаточно средств для старта зарядной сессии, машина свежая, ранее уже заряжали машину хотя бы переменным током.</li>
<li>Зарядка на постоянном токе стартует не так быстро, как на переменном, это следует учитывать. Поэтому через пару секунд говорить, что адаптер не работает, очень заблаговременно.</li>
<li>Проверяйте зарядку с желаемой и с отжатой кнопкой до вставки в электромобиль</li>
</ul>","<p>Підходить для всіх автомобілів з розємом CCS1!</p>
<p>Перехідник зроблено на заводі! Оновлена доопрацьована версія з кнопкою, друга версія 2026 року.</p>
<p>Це перехідник для швидкого заряджання електромобілів з портом CCS1 від громадських зарядних станцій із кабелем CCS 2 + можливість заряджати через роз&#39;єм Тип 2 на 32 Ампери (7.7 кВт 1 фаза). Порівняйте з фото роз&#39;єму у Вашому авто та на зарядній станції, щоб зробити правильний вибір адаптера.</p>
<p>- Потужність адаптера - до 400 кВт (400А*1000В)&nbsp;зі слів виробника. При цьому враховуйте, що в основному електромобілі 400 Вольтові та безпечна потужність для адаптера з урахуванням 10% запасу буде 400А*400В=160кВт+10%=180 кВт. Більш високу потужність передавати через адаптер НЕ бажано, щоб Вам не розповідали і при цьому на сьогодні це найкращий адаптер, який роблять у заводських умовах.</p>
<p>- Потужність адаптера - 7.7 кВт AC змінний струм одна фаза Тип 2</p>
<p>- Механічна безпека: Заряджання припиняється, коли адаптер нагрівається до 90&ordm;C.</p>
<p>- Срібні контакти з мідно-титанового сплаву</p>
<p>- Ступінь захисту &ndash; IP54.</p>
<p>Завжди до початку заряджання по АС закривайте кришку бо контакти під напругою!&nbsp;</p>
<p>Перевіряйте адаптер з урахуванням таких пунктів:</p>
<ul>
<li>У момент перевірки адаптера у Вас на балансі достатньо коштів для старту зарядної сесії, машина свіжа, раніше вже заряджали машину хоча б змінним струмом.</li>
<li>Заряджання на постійному струмі стартує не так швидко, як на змінному, це треба враховувати. Тому через пару секунд говорити, що адаптер не працює, дуже завчасно.</li>
<li>Перевіряйте зарядку з нажатою та з віджатою кнопкою до вставляння в електромобіль</li>
</ul>",r,4500,UAH,шт.,,,,"https://images.prom.ua/7674814311_perehodnik-ccs2-.jpg, https://images.prom.ua/7674814312_perehodnik-ccs2-.jpg, https://images.prom.ua/7674814309_perehodnik-ccs2-.jpg, https://images.prom.ua/7674814313_perehodnik-ccs2-.jpg, https://images.prom.ua/7674814310_perehodnik-ccs2-.jpg",+,52604021,Корневая группа,https://prom.ua/Zaryadnye-ustrojstva-stantsii,,,,,3179068946,,5505,Адаптери і кабелі,AFEEV,Китай,,,,https://sparkschargers.com.ua/p3179068946-perehodnik-ccs2-ccs1.html,,,-,,,,,,,,,,,,,Ні,,Стан,,Новий,Колір,,Чорний,Тип роз'ємів,,CCS2 на CCS1,Сила струму,А,400,Потужність,кВт,180,Кількість фаз,,1,Сумісність з моделлю,,Ampera,Вбудований запобіжник,,Так,Цвет корпуса,,Черный,,,,,,,,,,,,,,,,,,,,,,,,
,Зарядный кабель для электромобиля 22 кВт 32А 3-фазы 5м TYPE 2 (станция) - GB/T AC (китайское авто),Зарядний кабель для електромобіля 22 кВт 32А 3-фази 5м TYPE 2 (станція) - GB/T AC (китайське авто),"кабель к электромобилю, ГБТ, GBT, GB/T, китайское авто","кабель до електромобілю, ГБТ, GBT, GB/T, китайське авто","<p>Кабель SPARKS CHARGERS TYPE 2 (станция) - GB/T AC (китайское авто)&nbsp;позволяет заряжать китайский электромобиль с разъемом GB\T от стационарной станции с разъемом Тип 2 по трем фазам с током 32 Амперы, 22 кВт\ч. Мощность также зависит от Вашего электромобиля.</p>
<p>Качественные коннекторы, очень гибкий эвропейский резиновый кабель (Испания), который держит морозы.&nbsp;Длина кабеля - 5 м.</p>
<p>Сделано в Европе. Гарантия 1 год, авторизированный сервисный центр в Киеве.&nbsp;Сервисный партнер <a href=""https://evservice.com.ua"" target=""_blank"">evservice.com.ua</a></p>","<p>Кабель SPARKS CHARGERS TYPE 2 (станція) - GB/T AC (китайське авто)&nbsp;дозволяє заряджати китайський електромобіль з розємом GB\T від стаціонарної станції з розємом Тип 2 по трьом фазам зі струмом 32 Ампери, 22 кВт\год . Потужність також залежить від Вашого електромобіля.</p>
<p>Якісні конектори, дуже гнучкий европейський резиновий кабель (Іспанія), який тримає морози.&nbsp;Довжина кабелю &ndash; 5 м.</p>
<p>Зроблено в Європі. Гарантія 1 рік, авторизований сервісний центр в Києві.&nbsp;Сервісний партнер <a href=""https://evservice.com.ua"" target=""_blank"">evservice.com.ua</a></p>",r,9500,UAH,шт.,,,,"https://images.prom.ua/7674839803_zaryadnyj-kabel-dlya.jpg, https://images.prom.ua/7674839804_zaryadnyj-kabel-dlya.jpg, https://images.prom.ua/7674839806_zaryadnyj-kabel-dlya.jpg, https://images.prom.ua/7674839802_zaryadnyj-kabel-dlya.jpg, https://images.prom.ua/7674839809_zaryadnyj-kabel-dlya.jpg, https://images.prom.ua/7674839800_zaryadnyj-kabel-dlya.jpg, https://images.prom.ua/7674839733_zaryadnyj-kabel-dlya.jpg, https://images.prom.ua/7674839805_zaryadnyj-kabel-dlya.jpg",+,52604021,Корневая группа,https://prom.ua/Zaryadnye-ustrojstva-stantsii,,,,,3179120564,,5505,Адаптери і кабелі,SPARKS CHARGERS,Польща,,,,https://sparkschargers.com.ua/p3179120564-zaryadnyj-kabel-dlya.html,,,-,,,,,,,,,,,500.0,,Ні,,Стан,,Новий,Колір,,Чорний,Тип роз'ємів,,Type 2 на GB/T,Сила струму,А,32,Потужність,кВт,22,Кількість фаз,,3,Сумісність з моделлю,,Ampera,Довжина кабелю,см,500,Гарантійний термін,міс,12,,,,,,,,,,,,,,,,,,,,,,,,